0,-4.414844418E-010
0.00029296875,-4.460643772E-010
0.0005859375,-4.506443127E-010
0.001171875,-4.597587496E-010
0.00234375,-4.77805889E-010
0.0046875,-5.131732298E-010
0.009375,-5.8100016E-010
0.01875,-7.278795842E-010
0.0375,-9.651708377E-010
0.066796875,-1.289962574E-009
0.09609375,-1.61089608E-009
0.125390625,-1.861705561E-009
0.1546875,-2.123243599E-009
0.183984375,-2.32077404E-009
0.21328125,-2.540305951E-009
0.242578125,-2.699316828E-009
0.271875,-2.889611661E-009
0.301171875,-3.02068359E-009
0.33046875,-3.191130694E-009
0.359765625,-3.301820062E-009
0.3890625,-3.459377394E-009
0.418359375,-3.555026218E-009
0.44765625,-3.704925933E-009
0.476953125,-3.789231932E-009
0.50625,-3.935509052E-009
0.535546875,-4.010918801E-009
0.56484375,-4.156818059E-009
0.594140625,-4.22478268E-009
0.6234375,-4.373090211E-009
0.652734375,-4.434204106E-009
0.68203125,-4.587548062E-009
0.711328125,-4.641571387E-009
0.740625,-4.802743509E-009
0.769921875,-4.848480408E-009
0.79921875,-5.02085727E-009
0.828515625,-5.055809136E-009
0.8578125,-5.244021229E-009
0.887109375,-5.263617659E-009
0.91640625,-5.474788977E-009
0.945703125,-5.470723014E-009
0.975,-5.717047557E-009
1.004296875,-5.673450662E-009
1.03359375,-5.978104354E-009
1.062890625,-5.863105056E-009
1.0921875,-6.270459292E-009
1.121484375,-6.0339498E-009
1.15078125,-6.541220224E-009
1.180078125,-5.846338664E-009
1.209375,1.256792918E-007
1.238671875,1.476032181E-006
1.26796875,7.163470255E-006
1.297265625,2.218036101E-005
1.3265625,5.29300151E-005
1.355859375,0.0001068636987
1.38515625,0.0001921698141
1.414453125,0.0003175210455
1.44375,0.0004918644784
1.473046875,0.0007242505263
1.50234375,0.001023693874
1.531640625,0.001399061136
1.5609375,0.001858981826
1.590234375,0.002411777735
1.61953125,0.003065409118
1.648828125,0.003827433446
1.678125,0.004704976203
1.707421875,0.005704710112
1.73671875,0.00683284293
1.766015625,0.008095110754
1.7953125,0.009496777377
1.824609375,0.01104263708
1.85390625,0.01273702167
1.883203125,0.01458380951
1.9125,0.01658643743
1.941796875,0.0187479137
1.97109375,0.02107083292
2.000390625,0.0235573912
2.0296875,0.02620940272
2.058984375,0.02902831599
2.08828125,0.03201523104
2.117578125,0.03517091609
2.146875,0.03849582469
2.176171875,0.04199011217
2.20546875,0.04565365242
2.234765625,0.04948605371
2.2640625,0.05348667481
2.293359375,0.05765464003
2.32265625,0.06198885441
2.351953125,0.0664880179
2.38125,0.07115063957
2.410546875,0.07597505076
2.43984375,0.08095941832
2.469140625,0.08610175675
2.4984375,0.09139994036
2.527734375,0.09685171444
2.55703125,0.1024547064
2.586328125,0.1082064357
2.615625,0.1141043244
2.644921875,0.1201457054
2.67421875,0.1263278325
2.703515625,0.1326478874
2.7328125,0.1391029887
2.762109375,0.145690198
2.79140625,0.1524065276
2.820703125,0.1592489465
2.85,0.1662143862
2.879296875,0.1732997464
2.90859375,0.1805018997
2.937890625,0.1878176967
2.9671875,0.19524397
2.996484375,0.2027775383
3.02578125,0.2104152097
3.055078125,0.2181537855
3.084375,0.2259900629
3.113671875,0.2339208377
3.14296875,0.2419429071
3.172265625,0.2500530716
3.2015625,0.2582481374
3.230859375,0.2665249179
3.26015625,0.2748802357
3.289453125,0.2833109239
3.31875,0.2918138277
3.348046875,0.3003858053
3.37734375,0.3090237294
3.406640625,0.3177244875
3.4359375,0.326484984
3.465234375,0.3353021396
3.49453125,0.3441728931
3.523828125,0.3530942016
3.553125,0.3620630412
3.582421875,0.3710764073
3.61171875,0.3801313158
3.641015625,0.3892248026
3.6703125,0.3983539248
3.699609375,0.4075157608
3.72890625,0.4167074107
3.758203125,0.4259259966
3.7875,0.4351686631
3.816796875,0.4444325775
3.84609375,0.4537149302
3.875390625,0.4630129349
3.9046875,0.4723238291
3.933984375,0.4816448743
3.96328125,0.4909733564
3.992578125,0.5003065857
4.021875,0.5096418976
4.051171875,0.5189766528
4.08046875,0.5283082375
4.109765625,0.5376340637
4.1390625,0.5469515698
4.168359375,0.5562582205
4.19765625,0.5655515078
4.226953125,0.5748289503
4.25625,0.5840880947
4.285546875,0.5933265151
4.31484375,0.6025418142
4.344140625,0.611731623
4.3734375,0.6208936014
4.402734375,0.6300254388
4.43203125,0.6391248538
4.461328125,0.6481895953
4.490625,0.6572174422
4.519921875,0.666206204
4.54921875,0.6751537214
4.578515625,0.6840578662
4.6078125,0.6929165417
4.637109375,0.7017276833
4.66640625,0.7104892587
4.695703125,0.7191992679
4.725,0.727855744
4.754296875,0.7364567532
4.78359375,0.7450003953
4.812890625,0.7534848036
4.8421875,0.7619081455
4.871484375,0.770268623
4.90078125,0.7785644722
4.930078125,0.7867939643
4.959375,0.7949554055
4.988671875,0.8030471373
5.01796875,0.8110675366
5.047265625,0.819015016
5.0765625,0.8268880242
5.105859375,0.8346850457
5.13515625,0.8424046015
5.164453125,0.8500452489
5.19375,0.8576055818
5.223046875,0.8650842307
5.25234375,0.8724798631
5.281640625,0.8797911834
5.3109375,0.8870169331
5.340234375,0.8941558905
5.36953125,0.9012068716
5.398828125,0.9081687292
5.428125,0.9150403538
5.457421875,0.9218206731
5.48671875,0.9285086522
5.516015625,0.9351032934
5.5453125,0.9416036367
5.574609375,0.9480087594
5.60390625,0.9543177761
5.633203125,0.9605298386
5.6625,0.9666441362
5.691796875,0.9726598954
5.72109375,0.9785763796
5.750390625,0.9843928895
5.7796875,0.9901087626
5.808984375,0.9957233734
5.83828125,1.001236133
5.867578125,1.006646489
5.896875,1.011953926
5.926171875,1.017157965
5.95546875,1.022258161
5.984765625,1.027254108
6.0140625,1.032145434
6.043359375,1.036931803
6.07265625,1.041612915
6.101953125,1.046188504
6.13125,1.05065834
6.160546875,1.055022227
6.18984375,1.059280003
6.219140625,1.063431543
6.2484375,1.067476752
6.277734375,1.071415572
6.30703125,1.075247976
6.336328125,1.078973971
6.365625,1.082593599
6.394921875,1.086106931
6.42421875,1.089514072
6.453515625,1.092815158
6.4828125,1.096010359
6.512109375,1.099099874
6.54140625,1.102083933
6.570703125,1.104962797
6.6,1.107736757
6.629296875,1.110406134
6.65859375,1.11297128
6.687890625,1.115432573
6.7171875,1.117790421
6.746484375,1.120045262
6.77578125,1.12219756
6.805078125,1.124247808
6.834375,1.126196523
6.863671875,1.128044254
6.89296875,1.129791571
6.922265625,1.131439073
6.9515625,1.132987384
6.980859375,1.134437153
7.01015625,1.135789052
7.039453125,1.13704378
7.06875,1.138202059
7.098046875,1.139264632
7.12734375,1.140232267
7.156640625,1.141105754
7.1859375,1.141885905
7.215234375,1.142573554
7.24453125,1.143169554
7.273828125,1.143674781
7.303125,1.144090131
7.332421875,1.144416517
7.36171875,1.144654875
7.391015625,1.144806156
7.4203125,1.144871332
7.449609375,1.144851391
7.47890625,1.14474734
7.508203125,1.144560202
7.5375,1.144291015
7.566796875,1.143940835
7.59609375,1.143510732
7.625390625,1.143001792
7.6546875,1.142415115
7.683984375,1.141751814
7.71328125,1.141013017
7.742578125,1.140199864
7.771875,1.139313508
7.801171875,1.138355114
7.83046875,1.137325858
7.859765625,1.136226927
7.8890625,1.13505952
7.918359375,1.133824844
7.94765625,1.132524118
7.976953125,1.131158569
8.00625,1.129729432
8.035546875,1.128237951
8.06484375,1.126685378
8.094140625,1.125072971
8.1234375,1.123401997
8.152734375,1.121673727
8.18203125,1.11988944
8.211328125,1.118050419
8.240625,1.116157952
8.269921875,1.114213332
8.29921875,1.112217856
8.328515625,1.110172825
8.3578125,1.108079542
8.387109375,1.105939313
8.41640625,1.103753448
8.445703125,1.101523257
8.475,1.099250052
8.504296875,1.096935146
8.53359375,1.094579852
8.562890625,1.092185484
8.5921875,1.089753355
8.621484375,1.087284777
8.65078125,1.084781062
8.680078125,1.082243521
8.709375,1.07967346
8.738671875,1.077072186
8.76796875,1.074441
8.797265625,1.071781204
8.8265625,1.069094093
8.855859375,1.06638096
8.88515625,1.063643092
8.914453125,1.060881774
8.94375,1.058098282
8.973046875,1.055293891
9.00234375,1.052469868
9.031640625,1.049627473
9.0609375,1.046767962
9.090234375,1.043892582
9.11953125,1.041002575
9.148828125,1.038099173
9.178125,1.035183603
9.207421875,1.032257081
9.23671875,1.029320818
9.266015625,1.026376013
9.2953125,1.023423857
9.324609375,1.020465534
9.35390625,1.017502215
9.383203125,1.014535062
9.4125,1.011565229
9.441796875,1.008593857
9.47109375,1.005622077
9.500390625,1.002651009
9.5296875,0.9996817627
9.558984375,0.996715435
9.58828125,0.9937531117
9.617578125,0.9907958664
9.646875,0.9878447607
9.676171875,0.9849008434
9.70546875,0.9819651509
9.734765625,0.9790387067
9.7640625,0.9761225211
9.793359375,0.9732175911
9.82265625,0.9703249003
9.851953125,0.9674454185
9.88125,0.9645801016
9.910546875,0.9617298916
9.93984375,0.9588957162
9.969140625,0.9560784886
9.9984375,0.9532791075
10.02773438,0.9504984571
10.05703125,0.9477374063
10.08632813,0.9449968095
10.115625,0.9422775055
10.14492188,0.9395803182
10.17421875,0.9369060559
10.20351563,0.9342555114
10.2328125,0.931629462
10.26210938,0.9290286692
10.29140625,0.9264538785
10.32070313,0.9239058198
10.35,0.9213852068
10.37929688,0.9188927371
10.40859375,0.9164290922
10.43789063,0.9139949373
10.4671875,0.9115909214
10.49648438,0.9092176771
10.52578125,0.9068758204
10.55507813,0.9045659511
10.584375,0.9022886524
10.61367188,0.900044491
10.64296875,0.8978340168
10.67226563,0.8956577636
10.7015625,0.893516248
10.73085938,0.8914099705
10.76015625,0.8893394146
10.78945313,0.8873050473
10.81875,0.8853073191
10.84804688,0.8833466636
10.87734375,0.8814234981
10.90664063,0.8795382231
10.9359375,0.8776912226
10.96523438,0.875882864
10.99453125,0.8741134983
11.02382813,0.8723834601
11.053125,0.8706930673
11.08242188,0.8690426218
11.11171875,0.8674324089
11.14101563,0.8658626977
11.1703125,0.8643337413
11.19960938,0.8628457764
11.22890625,0.8613990239
11.25820313,0.8599936884
11.2875,0.858629959
11.31679688,0.8573080088
11.34609375,0.8560279951
11.37539063,0.8547900597
11.4046875,0.8535943289
11.43398438,0.8524409134
11.46328125,0.8513299089
11.49257813,0.8502613955
11.521875,0.8492354386
11.55117188,0.8482520883
11.58046875,0.8473113802
11.60976563,0.8464133348
11.6390625,0.8455579583
11.66835938,0.8447452423
11.69765625,0.8439751642
11.72695313,0.8432476869
11.75625,0.8425627598
11.78554688,0.8419203179
11.81484375,0.8413202827
11.84414063,0.8407625621
11.8734375,0.8402470505
11.90273438,0.8397736292
11.93203125,0.839342166
11.96132813,0.8389525162
11.990625,0.8386045221
12.01992188,0.8382980133
12.04921875,0.8380328071
12.07851563,0.8378087086
12.1078125,0.8376255106
12.13710938,0.837482994
12.16640625,0.8373809283
12.19570313,0.837319071
12.225,0.8372971686
12.25429688,0.8373149562
12.28359375,0.837372158
12.31289063,0.8374684875
12.3421875,0.8376036475
12.37148438,0.8377773303
12.40078125,0.8379892181
12.43007813,0.8382389832
12.459375,0.8385262879
12.48867188,0.838850785
12.51796875,0.8392121178
12.54726563,0.8396099205
12.5765625,0.8400438182
12.60585938,0.8405134273
12.63515625,0.8410183555
12.66445313,0.8415582022
12.69375,0.8421325587
12.72304688,0.8427410081
12.75234375,0.843383126
12.78164063,0.8440584802
12.8109375,0.8447666314
12.84023438,0.8455071329
12.86953125,0.8462795315
12.89882813,0.8470833669
12.928125,0.8479181725
12.95742188,0.8487834753
12.98671875,0.8496787964
13.01601563,0.850603651
13.0453125,0.8515575485
13.07460938,0.8525399931
13.10390625,0.8535504836
13.13320313,0.8545885138
13.1625,0.8556535729
13.19179688,0.8567451453
13.22109375,0.8578627111
13.25039063,0.8590057463
13.2796875,0.8601737228
13.30898438,0.8613661089
13.33828125,0.8625823694
13.36757813,0.8638219654
13.396875,0.8650843554
13.42617188,0.8663689947
13.45546875,0.8676753358
13.48476563,0.8690028289
13.5140625,0.8703509218
13.54335938,0.8717190601
13.57265625,0.8731066877
13.60195313,0.8745132467
13.63125,0.8759381776
13.66054688,0.8773809197
13.68984375,0.8788409112
13.71914063,0.8803175892
13.7484375,0.8818103904
13.77773438,0.8833187506
13.80703125,0.8848421055
13.83632813,0.8863798906
13.865625,0.8879315413
13.89492188,0.8894964933
13.92421875,0.8910741828
13.95351563,0.8926640463
13.9828125,0.8942655213
14.01210938,0.8958780462
14.04140625,0.8975010603
14.07070313,0.8991340045
14.1,0.9007763209
14.12929688,0.9024274533
14.15859375,0.9040868472
14.18789063,0.9057539503
14.2171875,0.9074282123
14.24648438,0.9091090849
14.27578125,0.9107960226
14.30507813,0.9124884823
14.334375,0.9141859238
14.36367188,0.9158878097
14.39296875,0.9175936055
14.42226563,0.9193027802
14.4515625,0.9210148059
14.48085938,0.9227291582
14.51015625,0.9244453165
14.53945313,0.9261627639
14.56875,0.9278809872
14.59804688,0.9295994773
14.62734375,0.9313177296
14.65664063,0.9330352432
14.6859375,0.9347515221
14.71523438,0.9364660747
14.74453125,0.9381784138
14.77382813,0.9398880573
14.803125,0.9415945279
14.83242188,0.9432973531
14.86171875,0.9449960659
14.89101563,0.946690204
14.9203125,0.9483793109
14.94960938,0.9500629352
14.97890625,0.9517406311
15.00820313,0.9534119586
15.0375,0.9550764831
15.06679688,0.9567337759
15.09609375,0.9583834145
15.12539063,0.9600249818
15.1546875,0.9616580672
15.18398438,0.9632822661
15.21328125,0.9648971801
15.24257813,0.966502417
15.271875,0.9680975912
15.30117188,0.9696823233
15.33046875,0.9712562404
15.35976563,0.9728189762
15.3890625,0.9743701712
15.41835938,0.9759094724
15.44765625,0.9774365334
15.47695313,0.9789510148
15.50625,0.980452584
15.53554688,0.9819409152
15.56484375,0.9834156896
15.59414063,0.9848765954
15.6234375,0.9863233276
15.65273438,0.9877555886
15.68203125,0.9891730876
15.71132813,0.9905755409
15.740625,0.9919626721
15.76992188,0.9933342119
15.79921875,0.9946898983
15.82851563,0.9960294762
15.8578125,0.9973526981
15.88710938,0.9986593236
15.91640625,0.9999491194
15.94570313,1.00122186
15.975,1.002477326
16.00429688,1.003715307
16.03359375,1.004935598
16.06289063,1.006138004
16.0921875,1.007322333
16.12148438,1.008488405
16.15078125,1.009636045
16.18007813,1.010765085
16.209375,1.011875364
16.23867188,1.01296673
16.26796875,1.014039036
16.29726563,1.015092145
16.3265625,1.016125925
16.35585938,1.017140251
16.38515625,1.018135007
16.41445313,1.019110083
16.44375,1.020065376
16.47304688,1.02100079
16.50234375,1.021916236
16.53164063,1.022811634
16.5609375,1.023686908
16.59023438,1.024541991
16.61953125,1.025376822
16.64882813,1.026191347
16.678125,1.026985518
16.70742188,1.027759296
16.73671875,1.028512647
16.76601563,1.029245544
16.7953125,1.029957967
16.82460938,1.030649901
16.85390625,1.03132134
16.88320313,1.031972282
16.9125,1.032602735
16.94179688,1.033212709
16.97109375,1.033802223
17.00039063,1.034371301
17.0296875,1.034919974
17.05898438,1.03544828
17.08828125,1.03595626
17.11757813,1.036443964
17.146875,1.036911446
17.17617188,1.037358767
17.20546875,1.037785994
17.23476563,1.038193198
17.2640625,1.038580457
17.29335938,1.038947854
17.32265625,1.039295478
17.35195313,1.039623422
17.38125,1.039931787
17.41054688,1.040220677
17.43984375,1.040490201
17.46914063,1.040740475
17.4984375,1.040971618
17.52773438,1.041183755
17.55703125,1.041377015
17.58632813,1.041551533
17.615625,1.041707448
17.64492188,1.041844904
17.67421875,1.041964047
17.70351563,1.042065031
17.7328125,1.042148013
17.76210938,1.042213153
17.79140625,1.042260617
17.82070313,1.042290573
17.85,1.042303194
17.87929688,1.042298659
17.90859375,1.042277147
17.93789063,1.042238842
17.9671875,1.042183933
17.99648438,1.042112612
18.02578125,1.042025072
18.05507813,1.041921513
18.084375,1.041802136
18.11367188,1.041667145
18.14296875,1.041516747
18.17226563,1.041351155
18.2015625,1.04117058
18.23085938,1.040975239
18.26015625,1.04076535
18.28945313,1.040541136
18.31875,1.04030282
18.34804688,1.040050627
18.37734375,1.039784788
18.40664063,1.039505532
18.4359375,1.039213092
18.46523438,1.038907702
18.49453125,1.038589601
18.52382813,1.038259026
18.553125,1.037916217
18.58242188,1.037561416
18.61171875,1.037194867
18.64101563,1.036816815
18.6703125,1.036427506
18.69960938,1.036027187
18.72890625,1.035616108
18.75820313,1.035194517
18.7875,1.034762666
18.81679688,1.034320807
18.84609375,1.033869191
18.87539063,1.033408073
18.9046875,1.032937707
18.93398438,1.032458345
18.96328125,1.031970245
18.99257813,1.03147366
19.021875,1.030968847
19.05117188,1.030456062
19.08046875,1.02993556
19.10976563,1.029407598
19.1390625,1.028872431
19.16835938,1.028330316
19.19765625,1.027781508
19.22695313,1.027226262
19.25625,1.026664834
19.28554688,1.026097479
19.31484375,1.02552445
19.34414063,1.024946002
19.3734375,1.024362386
19.40273438,1.023773856
19.43203125,1.023180662
19.46132813,1.022583056
19.490625,1.021981286
19.51992188,1.021375601
19.54921875,1.020766249
19.57851563,1.020153475
19.6078125,1.019537526
19.63710938,1.018918644
19.66640625,1.018297072
19.69570313,1.017673051
19.725,1.01704682
19.75429688,1.016418617
19.78359375,1.015788679
19.81289063,1.01515724
19.8421875,1.014524532
19.87148438,1.013890788
19.90078125,1.013256235
19.93007813,1.012621102
19.959375,1.011985613
19.98867188,1.011349992
20.01796875,1.01071446
20.04726563,1.010079236
20.0765625,1.009444537
20.10585938,1.008810578
20.13515625,1.008177571
20.16445313,1.007545725
20.19375,1.00691525
20.22304688,1.006286349
20.25234375,1.005659227
20.28164063,1.005034082
20.3109375,1.004411113
20.34023438,1.003790515
20.36953125,1.003172481
20.39882813,1.0025572
20.428125,1.00194486
20.45742188,1.001335645
20.48671875,1.000729737
20.51601563,1.000127314
20.5453125,0.9995285534
20.57460938,0.9989336275
20.60390625,0.9983427069
20.63320313,0.9977559588
20.6625,0.9971735478
20.69179688,0.9965956354
20.72109375,0.9960223798
20.75039063,0.9954539367
20.7796875,0.9948904585
20.80898438,0.9943320943
20.83828125,0.9937789905
20.86757813,0.9932312903
20.896875,0.9926891336
20.92617188,0.9921526573
20.95546875,0.9916219952
20.98476563,0.9910972777
21.0140625,0.9905786324
21.04335938,0.9900661833
21.07265625,0.9895600515
21.10195313,0.9890603547
21.13125,0.9885672075
21.16054688,0.9880807212
21.18984375,0.9876010039
21.21914063,0.9871281604
21.2484375,0.9866622923
21.27773438,0.986203498
21.30703125,0.9857518725
21.33632813,0.9853075078
21.365625,0.9848704925
21.39492188,0.9844409118
21.42421875,0.9840188479
21.45351563,0.9836043797
21.4828125,0.9831975828
21.51210938,0.9827985296
21.54140625,0.9824072892
21.57070313,0.9820239277
21.6,0.9816485076
21.62929688,0.9812810887
21.65859375,0.9809217271
21.68789063,0.9805704761
21.7171875,0.9802273857
21.74648438,0.9798925026
21.77578125,0.9795658707
21.80507813,0.9792475303
21.834375,0.9789375191
21.86367188,0.9786358713
21.89296875,0.9783426183
21.92226563,0.9780577882
21.9515625,0.9777814062
21.98085938,0.9775134945
22.01015625,0.9772540722
22.03945313,0.9770031555
22.06875,0.9767607576
22.09804688,0.9765268889
22.12734375,0.9763015566
22.15664063,0.9760847653
22.1859375,0.9758765165
22.21523438,0.9756768091
22.24453125,0.9754856391
22.27382813,0.9753029996
22.303125,0.9751288811
22.33242188,0.9749632712
22.36171875,0.9748061551
22.39101563,0.974657515
22.4203125,0.9745173307
22.44960938,0.9743855793
22.47890625,0.9742622353
22.50820313,0.9741472706
22.5375,0.9740406549
22.56679688,0.973942355
22.59609375,0.9738523354
22.62539063,0.9737705585
22.6546875,0.9736969838
22.68398438,0.9736315689
22.71328125,0.9735742688
22.74257813,0.9735250364
22.771875,0.9734838223
22.80117188,0.9734505749
22.83046875,0.9734252405
22.85976563,0.9734077631
22.8890625,0.9733980849
22.91835938,0.9733961458
22.94765625,0.9734018837
22.97695313,0.9734152348
23.00625,0.973436133
23.03554688,0.9734645106
23.06484375,0.9735002979
23.09414063,0.9735434233
23.1234375,0.9735938136
23.15273438,0.9736513939
23.18203125,0.9737160874
23.21132813,0.9737878158
23.240625,0.9738664991
23.26992188,0.9739520557
23.29921875,0.9740444027
23.32851563,0.9741434554
23.3578125,0.9742491278
23.38710938,0.9743613325
23.41640625,0.9744799808
23.44570313,0.9746049824
23.475,0.9747362461
23.50429688,0.9748736791
23.53359375,0.9750171876
23.56289063,0.9751666766
23.5921875,0.97532205
23.62148438,0.9754832106
23.65078125,0.9756500601
23.68007813,0.9758224992
23.709375,0.9760004279
23.73867188,0.976183745
23.76796875,0.9763723485
23.79726563,0.9765661356
23.8265625,0.9767650027
23.85585938,0.9769688455
23.88515625,0.9771775589
23.91445313,0.9773910372
23.94375,0.9776091742
23.97304688,0.9778318627
24.00234375,0.9780589954
24.03164063,0.9782904643
24.0609375,0.9785261609
24.09023438,0.9787659764
24.11953125,0.9790098014
24.14882813,0.9792575265
24.178125,0.9795090416
24.20742188,0.9797642365
24.23671875,0.9800230009
24.26601563,0.9802852241
24.2953125,0.9805507953
24.32460938,0.9808196036
24.35390625,0.9810915382
24.38320313,0.9813664878
24.4125,0.9816443415
24.44179688,0.9819249883
24.47109375,0.9822083172
24.50039063,0.9824942174
24.5296875,0.9827825782
24.55898438,0.983073289
24.58828125,0.9833662394
24.61757813,0.9836613195
24.646875,0.9839584192
24.67617188,0.9842574292
24.70546875,0.9845582402
24.73476563,0.9848607433
24.7640625,0.9851648302
24.79335938,0.9854703928
24.82265625,0.9857773237
24.85195313,0.9860855158
24.88125,0.9863948625
24.91054688,0.986705258
24.93984375,0.9870165968
24.96914063,0.9873287743
24.9984375,0.9876416862
25.02773438,0.9879552292
25.05703125,0.9882693004
25.08632813,0.988583798
25.115625,0.9888986205
25.14492188,0.9892136675
25.17421875,0.9895288394
25.20351563,0.9898440372
25.2328125,0.990159163
25.26210938,0.9904741196
25.29140625,0.9907888107
25.32070313,0.9911031411
25.35,0.9914170165
25.37929688,0.9917303434
25.40859375,0.9920430293
25.43789063,0.9923549831
25.4671875,0.9926661142
25.49648438,0.9929763333
25.52578125,0.9932855523
25.55507813,0.993593684
25.584375,0.9939006423
25.61367188,0.9942063424
25.64296875,0.9945107005
25.67226563,0.9948136339
25.7015625,0.9951150614
25.73085938,0.9954149025
25.76015625,0.9957130784
25.78945313,0.9960095112
25.81875,0.9963041244
25.84804688,0.9965968426
25.87734375,0.9968875918
25.90664063,0.9971762993
25.9359375,0.9974628936
25.96523438,0.9977473045
25.99453125,0.9980294631
26.02382813,0.998309302
26.053125,0.9985867549
26.08242188,0.998861757
26.11171875,0.9991342447
26.14101563,0.9994041559
26.1703125,0.9996714299
26.19960938,0.9999360072
26.22890625,1.00019783
26.25820313,1.000456841
26.2875,1.000712986
26.31679688,1.00096621
26.34609375,1.001216462
26.37539063,1.001463689
26.4046875,1.001707844
26.43398438,1.001948876
26.46328125,1.002186741
26.49257813,1.002421391
26.521875,1.002652784
26.55117188,1.002880877
26.58046875,1.003105629
26.60976563,1.003326999
26.6390625,1.003544951
26.66835938,1.003759447
26.69765625,1.003970452
26.72695313,1.004177931
26.75625,1.004381853
26.78554688,1.004582186
26.81484375,1.004778901
26.84414063,1.004971969
26.8734375,1.005161364
26.90273438,1.00534706
26.93203125,1.005529032
26.96132813,1.00570726
26.990625,1.00588172
27.01992188,1.006052394
27.04921875,1.006219263
27.07851563,1.006382309
27.1078125,1.006541518
27.13710938,1.006696874
27.16640625,1.006848365
27.19570313,1.006995979
27.225,1.007139706
27.25429688,1.007279537
27.28359375,1.007415463
27.31289063,1.00754748
27.3421875,1.007675581
27.37148438,1.007799763
27.40078125,1.007920024
27.43007813,1.008036362
27.459375,1.008148777
27.48867188,1.00825727
27.51796875,1.008361845
27.54726563,1.008462505
27.5765625,1.008559255
27.60585938,1.008652101
27.63515625,1.00874105
27.66445313,1.008826111
27.69375,1.008907294
27.72304688,1.008984609
27.75234375,1.009058069
27.78164063,1.009127686
27.8109375,1.009193476
27.84023438,1.009255452
27.86953125,1.009313632
27.89882813,1.009368033
27.928125,1.009418674
27.95742188,1.009465573
27.98671875,1.009508752
28.01601563,1.009548233
28.0453125,1.009584036
28.07460938,1.009616187
28.10390625,1.00964471
28.13320313,1.009669629
28.1625,1.009690972
28.19179688,1.009708765
28.22109375,1.009723037
28.25039063,1.009733816
28.2796875,1.009741133
28.30898438,1.009745017
28.33828125,1.009745502
28.36757813,1.009742618
28.396875,1.009736398
28.42617188,1.009726878
28.45546875,1.00971409
28.48476563,1.009698071
28.5140625,1.009678857
28.54335938,1.009656484
28.57265625,1.009630989
28.60195313,1.009602411
28.63125,1.009570789
28.66054688,1.009536161
28.68984375,1.009498567
28.71914063,1.009458049
28.7484375,1.009414646
28.77773438,1.009368401
28.80703125,1.009319356
28.83632813,1.009267554
28.865625,1.009213037
28.89492188,1.009155849
28.92421875,1.009096034
28.95351563,1.009033637
28.9828125,1.008968703
29.01210938,1.008901277
29.04140625,1.008831404
29.07070313,1.008759132
29.1,1.008684505
29.12929688,1.008607572
29.15859375,1.008528379
29.18789063,1.008446973
29.2171875,1.008363402
29.24648438,1.008277714
29.27578125,1.008189957
29.30507813,1.00810018
29.334375,1.008008431
29.36367188,1.007914759
29.39296875,1.007819212
29.42226563,1.007721841
29.4515625,1.007622693
29.48085938,1.007521819
29.51015625,1.007419267
29.53945313,1.007315088
29.56875,1.007209331
29.59804688,1.007102046
29.62734375,1.006993281
29.65664063,1.006883088
29.6859375,1.006771516
29.71523438,1.006658613
29.74453125,1.006544431
29.77382813,1.006429019
29.803125,1.006312425
29.83242188,1.006194701
29.86171875,1.006075894
29.89101563,1.005956055
29.9203125,1.005835233
29.94960938,1.005713476
29.97890625,1.005590833
30.00820313,1.005467354
30.0375,1.005343086
30.06679688,1.005218079
30.09609375,1.00509238
30.12539063,1.004966037
30.1546875,1.004839097
30.18398438,1.00471161
30.21328125,1.00458362
30.24257813,1.004455176
30.271875,1.004326324
30.30117188,1.00419711
30.33046875,1.004067581
30.35976563,1.003937782
30.3890625,1.003807758
30.41835938,1.003677554
30.44765625,1.003547216
30.47695313,1.003416787
30.50625,1.003286312
30.53554688,1.003155833
30.56484375,1.003025395
30.59414063,1.002895039
30.6234375,1.002764808
30.65273438,1.002634744
30.68203125,1.002504889
30.71132813,1.002375283
30.740625,1.002245966
30.76992188,1.00211698
30.79921875,1.001988363
30.82851563,1.001860155
30.8578125,1.001732394
30.88710938,1.001605119
30.91640625,1.001478366
30.94570313,1.001352173
30.975,1.001226577
31.00429688,1.001101614
31.03359375,1.000977319
31.06289063,1.000853727
31.0921875,1.000730872
31.12148438,1.000608789
31.15078125,1.000487511
31.18007813,1.00036707
31.209375,1.000247498
31.23867188,1.000128828
31.26796875,1.000011089
31.29726563,0.9998943135
31.3265625,0.9997785301
31.35585938,0.9996637683
31.38515625,0.9995500567
31.41445313,0.9994374233
31.44375,0.9993258955
31.47304688,0.9992155001
31.50234375,0.9991062634
31.53164063,0.9989982108
31.5609375,0.9988913674
31.59023438,0.9987857574
31.61953125,0.9986814047
31.64882813,0.9985783321
31.678125,0.9984765623
31.70742188,0.998376117
31.73671875,0.9982770175
31.76601563,0.9981792843
31.7953125,0.9980829372
31.82460938,0.9979879957
31.85390625,0.9978944784
31.88320313,0.9978024034
31.9125,0.9977117879
31.94179688,0.9976226488
31.97109375,0.9975350023
32.00039063,0.9974488637
32.0296875,0.9973642481
32.05898438,0.9972811695
32.08828125,0.9971996417
32.11757813,0.9971196776
32.146875,0.9970412895
32.17617188,0.9969644892
32.20546875,0.9968892878
32.23476563,0.9968156957
32.2640625,0.9967437229
32.29335938,0.9966733784
32.32265625,0.9966046711
32.35195313,0.9965376089
32.38125,0.9964721992
32.41054688,0.9964084488
32.43984375,0.996346364
32.46914063,0.9962859503
32.4984375,0.9962272127
32.52773438,0.9961701556
32.55703125,0.996114783
32.58632813,0.996061098
32.615625,0.9960091033
32.64492188,0.995958801
32.67421875,0.9959101926
32.70351563,0.9958632791
32.7328125,0.9958180609
32.76210938,0.9957745379
32.79140625,0.9957327093
32.82070313,0.9956925738
32.85,0.9956541297
32.87929688,0.9956173747
32.90859375,0.995582306
32.93789063,0.99554892
32.9671875,0.995517213
32.99648438,0.9954871805
33.02578125,0.9954588177
33.05507813,0.9954321191
33.084375,0.9954070788
33.11367188,0.9953836905
33.14296875,0.9953619472
33.17226563,0.9953418417
33.2015625,0.9953233661
33.23085938,0.9953065121
33.26015625,0.9952912711
33.28945313,0.9952776339
33.31875,0.9952655908
33.34804688,0.9952551319
33.37734375,0.9952462467
33.40664063,0.9952389243
33.4359375,0.9952331534
33.46523438,0.9952289223
33.49453125,0.9952262189
33.52382813,0.9952250309
33.553125,0.9952253452
33.58242188,0.9952271487
33.61171875,0.9952304279
33.64101563,0.9952351686
33.6703125,0.9952413568
33.69960938,0.9952489776
33.72890625,0.9952580162
33.75820313,0.9952684572
33.7875,0.995280285
33.81679688,0.9952934838
33.84609375,0.9953080371
33.87539063,0.9953239287
33.9046875,0.9953411415
33.93398438,0.9953596586
33.96328125,0.9953794626
33.99257813,0.9954005358
34.021875,0.9954228604
34.05117188,0.9954464183
34.08046875,0.995471191
34.10976563,0.9954971601
34.1390625,0.9955243067
34.16835938,0.9955526117
34.19765625,0.995582056
34.22695313,0.9956126202
34.25625,0.9956442845
34.28554688,0.9956770292
34.31484375,0.9957108344
34.34414063,0.9957456799
34.3734375,0.9957815454
34.40273438,0.9958184105
34.43203125,0.9958562545
34.46132813,0.9958950568
34.490625,0.9959347966
34.51992188,0.9959754528
34.54921875,0.9960170044
34.57851563,0.9960594302
34.6078125,0.9961027091
34.63710938,0.9961468195
34.66640625,0.9961917401
34.69570313,0.9962374494
34.725,0.9962839258
34.75429688,0.9963311478
34.78359375,0.9963790935
34.81289063,0.9964277414
34.8421875,0.9964770697
34.87148438,0.9965270566
34.90078125,0.9965776804
34.93007813,0.9966289191
34.959375,0.9966807512
34.98867188,0.9967331546
35.01796875,0.9967861077
35.04726563,0.9968395887
35.0765625,0.9968935757
35.10585938,0.9969480472
35.13515625,0.9970029814
35.16445313,0.9970583567
35.19375,0.9971141515
35.22304688,0.9971703442
35.25234375,0.9972269135
35.28164063,0.9972838378
35.3109375,0.9973410959
35.34023438,0.9973986666
35.36953125,0.9974565287
35.39882813,0.997514661
35.428125,0.9975730428
35.45742188,0.9976316531
35.48671875,0.9976904712
35.51601563,0.9977494764
35.5453125,0.9978086483
35.57460938,0.9978679666
35.60390625,0.9979274109
35.63320313,0.9979869612
35.6625,0.9980465976
35.69179688,0.9981063001
35.72109375,0.9981660493
35.75039063,0.9982258256
35.7796875,0.9982856098
35.80898438,0.9983453825
35.83828125,0.998405125
35.86757813,0.9984648183
35.896875,0.9985244439
35.92617188,0.9985839834
35.95546875,0.9986434185
35.98476563,0.9987027312
36.0140625,0.9987619036
36.04335938,0.9988209182
36.07265625,0.9988797575
36.10195313,0.9989384043
36.13125,0.9989968416
36.16054688,0.9990550526
36.18984375,0.9991130208
36.21914063,0.9991707299
36.2484375,0.9992281637
36.27773438,0.9992853064
36.30703125,0.9993421424
36.33632813,0.9993986563
36.365625,0.9994548329
36.39492188,0.9995106573
36.42421875,0.9995661149
36.45351563,0.9996211912
36.4828125,0.9996758722
36.51210938,0.9997301438
36.54140625,0.9997839925
36.57070313,0.9998374048
36.6,0.9998903677
36.62929688,0.9999428682
36.65859375,0.9999948937
36.68789063,1.000046432
36.7171875,1.000097471
36.74648438,1.000147999
36.77578125,1.000198004
36.80507813,1.000247475
36.834375,1.000296401
36.86367188,1.000344771
36.89296875,1.000392576
36.92226563,1.000439804
36.9515625,1.000486446
36.98085938,1.000532492
37.01015625,1.000577933
37.03945313,1.00062276
37.06875,1.000666964
37.09804688,1.000710537
37.12734375,1.00075347
37.15664063,1.000795755
37.1859375,1.000837385
37.21523438,1.000878353
37.24453125,1.00091865
37.27382813,1.000958272
37.303125,1.00099721
37.33242188,1.001035458
37.36171875,1.001073012
37.39101563,1.001109864
37.4203125,1.00114601
37.44960938,1.001181444
37.47890625,1.001216161
37.50820313,1.001250158
37.5375,1.001283429
37.56679688,1.00131597
37.59609375,1.001347778
37.62539063,1.001378849
37.6546875,1.00140918
37.68398438,1.001438768
37.71328125,1.001467611
37.74257813,1.001495704
37.771875,1.001523048
37.80117188,1.001549639
37.83046875,1.001575476
37.85976563,1.001600557
37.8890625,1.001624882
37.91835938,1.001648449
37.94765625,1.001671258
37.97695313,1.001693308
38.00625,1.0017146
38.03554688,1.001735133
38.06484375,1.001754907
38.09414063,1.001773924
38.1234375,1.001792184
38.15273438,1.001809688
38.18203125,1.001826437
38.21132813,1.001842433
38.240625,1.001857677
38.26992188,1.001872172
38.29921875,1.00188592
38.32851563,1.001898923
38.3578125,1.001911184
38.38710938,1.001922706
38.41640625,1.001933491
38.44570313,1.001943543
38.475,1.001952865
38.50429688,1.001961462
38.53359375,1.001969336
38.56289063,1.001976493
38.5921875,1.001982936
38.62148438,1.001988669
38.65078125,1.001993698
38.68007813,1.001998028
38.709375,1.002001662
38.73867188,1.002004607
38.76796875,1.002006868
38.79726563,1.00200845
38.8265625,1.002009359
38.85585938,1.002009601
38.88515625,1.002009182
38.91445313,1.002008108
38.94375,1.002006385
38.97304688,1.002004021
39.00234375,1.002001021
39.03164063,1.001997392
39.0609375,1.001993142
39.09023438,1.001988277
39.11953125,1.001982805
39.14882813,1.001976732
39.178125,1.001970067
39.20742188,1.001962817
39.23671875,1.00195499
39.26601563,1.001946593
39.2953125,1.001937634
39.32460938,1.001928122
39.35390625,1.001918065
39.38320313,1.00190747
39.4125,1.001896347
39.44179688,1.001884703
39.47109375,1.001872547
39.50039063,1.001859888
39.5296875,1.001846735
39.55898438,1.001833095
39.58828125,1.001818979
39.61757813,1.001804395
39.646875,1.001789352
39.67617188,1.001773859
39.70546875,1.001757925
39.73476563,1.00174156
39.7640625,1.001724772
39.79335938,1.001707572
39.82265625,1.001689968
39.85195313,1.001671969
39.88125,1.001653586
39.91054688,1.001634827
39.93984375,1.001615702
39.96914063,1.001596221
39.9984375,1.001576394
40.02773438,1.001556229
40.05703125,1.001535737
40.08632813,1.001514926
40.115625,1.001493808
40.14492188,1.001472391
40.17421875,1.001450685
40.20351563,1.0014287
40.2328125,1.001406445
40.26210938,1.00138393
40.29140625,1.001361165
40.32070313,1.00133816
40.35,1.001314924
40.37929688,1.001291466
40.40859375,1.001267797
40.43789063,1.001243926
40.4671875,1.001219863
40.49648438,1.001195616
40.52578125,1.001171196
40.55507813,1.001146613
40.584375,1.001121875
40.61367188,1.001096992
40.64296875,1.001071974
40.67226563,1.00104683
40.7015625,1.001021568
40.73085938,1.0009962
40.76015625,1.000970732
40.78945313,1.000945176
40.81875,1.000919539
40.84804688,1.000893832
40.87734375,1.000868062
40.90664063,1.000842239
40.9359375,1.000816372
40.96523438,1.00079047
40.99453125,1.000764541
41.02382813,1.000738593
41.053125,1.000712637
41.08242188,1.000686679
41.11171875,1.000660729
41.14101563,1.000634794
41.1703125,1.000608884
41.19960938,1.000583006
41.22890625,1.000557168
41.25820313,1.000531379
41.2875,1.000505647
41.31679688,1.000479978
41.34609375,1.000454381
41.37539063,1.000428865
41.4046875,1.000403435
41.43398438,1.0003781
41.46328125,1.000352867
41.49257813,1.000327743
41.521875,1.000302736
41.55117188,1.000277852
41.58046875,1.000253099
41.60976563,1.000228483
41.6390625,1.000204011
41.66835938,1.00017969
41.69765625,1.000155526
41.72695313,1.000131526
41.75625,1.000107696
41.78554688,1.000084042
41.81484375,1.00006057
41.84414063,1.000037287
41.8734375,1.000014198
41.90273438,0.9999913086
41.93203125,0.9999686248
41.96132813,0.999946152
41.990625,0.9999238956
42.01992188,0.9999018608
42.04921875,0.9998800528
42.07851563,0.9998584767
42.1078125,0.9998371373
42.13710938,0.9998160394
42.16640625,0.9997951878
42.19570313,0.9997745869
42.225,0.9997542412
42.25429688,0.999734155
42.28359375,0.9997143324
42.31289063,0.9996947776
42.3421875,0.9996754944
42.37148438,0.9996564866
42.40078125,0.999637758
42.43007813,0.9996193121
42.459375,0.9996011523
42.48867188,0.999583282
42.51796875,0.9995657043
42.54726563,0.9995484223
42.5765625,0.9995314389
42.60585938,0.9995147571
42.63515625,0.9994983794
42.66445313,0.9994823084
42.69375,0.9994665466
42.72304688,0.9994510964
42.75234375,0.9994359599
42.78164063,0.9994211391
42.8109375,0.9994066362
42.84023438,0.9993924529
42.86953125,0.999378591
42.89882813,0.999365052
42.928125,0.9993518374
42.95742188,0.9993389487
42.98671875,0.999326387
43.01601563,0.9993141535
43.0453125,0.9993022492
43.07460938,0.999290675
43.10390625,0.9992794317
43.13320313,0.99926852
43.1625,0.9992579403
43.19179688,0.9992476933
43.22109375,0.9992377791
43.25039063,0.9992281981
43.2796875,0.9992189503
43.30898438,0.9992100358
43.33828125,0.9992014544
43.36757813,0.9991932059
43.396875,0.99918529
43.42617188,0.9991777063
43.45546875,0.9991704543
43.48476563,0.9991635333
43.5140625,0.9991569426
43.54335938,0.9991506814
43.57265625,0.9991447488
43.60195313,0.9991391437
43.63125,0.999133865
43.66054688,0.9991289115
43.68984375,0.9991242818
43.71914063,0.9991199747
43.7484375,0.9991159885
43.77773438,0.9991123217
43.80703125,0.9991089726
43.83632813,0.9991059394
43.865625,0.9991032203
43.89492188,0.9991008134
43.92421875,0.9990987167
43.95351563,0.999096928
43.9828125,0.9990954451
44.01210938,0.9990942659
44.04140625,0.9990933879
44.07070313,0.9990928087
44.1,0.9990925259
44.12929688,0.9990925369
44.15859375,0.9990928391
44.18789063,0.9990934297
44.2171875,0.999094306
44.24648438,0.9990954652
44.27578125,0.9990969042
44.30507813,0.9990986202
44.334375,0.9991006102
44.36367188,0.999102871
44.39296875,0.9991053994
44.42226563,0.9991081923
44.4515625,0.9991112464
44.48085938,0.9991145584
44.51015625,0.9991181248
44.53945313,0.9991219423
44.56875,0.9991260074
44.59804688,0.9991303165
44.62734375,0.9991348661
44.65664063,0.9991396525
44.6859375,0.9991446721
44.71523438,0.9991499212
44.74453125,0.9991553959
44.77382813,0.9991610927
44.803125,0.9991670075
44.83242188,0.9991731366
44.86171875,0.999179476
44.89101563,0.9991860218
44.9203125,0.9991927701
44.94960938,0.9991997169
44.97890625,0.9992068581
45.00820313,0.9992141897
45.0375,0.9992217076
45.06679688,0.9992294078
45.09609375,0.9992372861
45.12539063,0.9992453384
45.1546875,0.9992535605
45.18398438,0.9992619483
45.21328125,0.9992704975
45.24257813,0.999279204
45.271875,0.9992880635
45.30117188,0.9992970718
45.33046875,0.9993062248
45.35976563,0.999315518
45.3890625,0.9993249474
45.41835938,0.9993345085
45.44765625,0.9993441972
45.47695313,0.9993540092
45.50625,0.9993639402
45.53554688,0.999373986
45.56484375,0.9993841422
45.59414063,0.9993944047
45.6234375,0.9994047691
45.65273438,0.9994152312
45.68203125,0.9994257868
45.71132813,0.9994364316
45.740625,0.9994471614
45.76992188,0.9994579719
45.79921875,0.999468859
45.82851563,0.9994798185
45.8578125,0.9994908461
45.88710938,0.9995019377
45.91640625,0.9995130893
45.94570313,0.9995242965
45.975,0.9995355554
46.00429688,0.9995468618
46.03359375,0.9995582117
46.06289063,0.999569601
46.0921875,0.9995810257
46.12148438,0.9995924818
46.15078125,0.9996039653
46.18007813,0.9996154723
46.209375,0.9996269989
46.23867188,0.9996385411
46.26796875,0.9996500952
46.29726563,0.9996616572
46.3265625,0.9996732234
46.35585938,0.99968479
46.38515625,0.9996963534
46.41445313,0.9997079097
46.44375,0.9997194554
46.47304688,0.9997309868
46.50234375,0.9997425003
46.53164063,0.9997539924
46.5609375,0.9997654596
46.59023438,0.9997768983
46.61953125,0.9997883053
46.64882813,0.999799677
46.678125,0.9998110102
46.70742188,0.9998223015
46.73671875,0.9998335477
46.76601563,0.9998447456
46.7953125,0.9998558919
46.82460938,0.9998669836
46.85390625,0.9998780176
46.88320313,0.9998889909
46.9125,0.9998999004
46.94179688,0.9999107432
46.97109375,0.9999215164
47.00039063,0.9999322172
47.0296875,0.9999428428
47.05898438,0.9999533905
47.08828125,0.9999638574
47.11757813,0.9999742411
47.146875,0.9999845389
47.17617188,0.9999947483
47.20546875,1.000004867
47.23476563,1.000014892
47.2640625,1.000024821
47.29335938,1.000034652
47.32265625,1.000044383
47.35195313,1.000054011
47.38125,1.000063535
47.41054688,1.000072951
47.43984375,1.000082259
47.46914063,1.000091455
47.4984375,1.000100539
47.52773438,1.000109508
47.55703125,1.00011836
47.58632813,1.000127093
47.615625,1.000135706
47.64492188,1.000144197
47.67421875,1.000152565
47.70351563,1.000160808
47.7328125,1.000168923
47.76210938,1.000176911
47.79140625,1.000184769
47.82070313,1.000192496
47.85,1.000200091
47.87929688,1.000207552
47.90859375,1.000214879
47.93789063,1.000222069
47.9671875,1.000229123
47.99648438,1.000236039
48.02578125,1.000242816
48.05507813,1.000249453
48.084375,1.000255949
48.11367188,1.000262303
48.14296875,1.000268515
48.17226563,1.000274584
48.2015625,1.00028051
48.23085938,1.000286291
48.26015625,1.000291927
48.28945313,1.000297417
48.31875,1.000302762
48.34804688,1.00030796
48.37734375,1.000313012
48.40664063,1.000317917
48.4359375,1.000322674
48.46523438,1.000327284
48.49453125,1.000331747
48.52382813,1.000336062
48.553125,1.000340229
48.58242188,1.000344248
48.61171875,1.00034812
48.64101563,1.000351844
48.6703125,1.000355421
48.69960938,1.00035885
48.72890625,1.000362132
48.75820313,1.000365268
48.7875,1.000368257
48.81679688,1.0003711
48.84609375,1.000373797
48.87539063,1.000376348
48.9046875,1.000378755
48.93398438,1.000381018
48.96328125,1.000383137
48.99257813,1.000385113
49.021875,1.000386947
49.05117188,1.000388639
49.08046875,1.00039019
49.10976563,1.0003916
49.1390625,1.000392872
49.16835938,1.000394004
49.19765625,1.000394999
49.22695313,1.000395858
49.25625,1.00039658
49.28554688,1.000397168
49.31484375,1.000397622
49.34414063,1.000397943
49.3734375,1.000398133
49.40273438,1.000398192
49.43203125,1.000398122
49.46132813,1.000397924
49.490625,1.000397599
49.51992188,1.000397148
49.54921875,1.000396573
49.57851563,1.000395875
49.6078125,1.000395055
49.63710938,1.000394115
49.66640625,1.000393056
49.69570313,1.000391879
49.725,1.000390587
49.75429688,1.000389179
49.78359375,1.000387659
49.81289063,1.000386027
49.8421875,1.000384284
49.87148438,1.000382434
49.90078125,1.000380476
49.93007813,1.000378413
49.959375,1.000376246
49.98867188,1.000373977
50.01796875,1.000371608
50.04726563,1.00036914
50.0765625,1.000366575
50.10585938,1.000363914
50.13515625,1.00036116
50.16445313,1.000358314
50.19375,1.000355378
50.22304688,1.000352353
50.25234375,1.000349242
50.28164063,1.000346046
50.3109375,1.000342767
50.34023438,1.000339407
50.36953125,1.000335967
50.39882813,1.00033245
50.428125,1.000328857
50.45742188,1.00032519
50.48671875,1.000321451
50.51601563,1.000317642
50.5453125,1.000313764
50.57460938,1.00030982
50.60390625,1.000305812
50.63320313,1.000301741
50.6625,1.000297609
50.69179688,1.000293418
50.72109375,1.00028917
50.75039063,1.000284867
50.7796875,1.00028051
50.80898438,1.000276103
50.83828125,1.000271645
50.86757813,1.000267141
50.896875,1.00026259
50.92617188,1.000257996
50.95546875,1.000253359
50.98476563,1.000248683
51.0140625,1.000243968
51.04335938,1.000239217
51.07265625,1.000234432
51.10195313,1.000229614
51.13125,1.000224765
51.16054688,1.000219888
51.18984375,1.000214983
51.21914063,1.000210053
51.2484375,1.000205099
51.27773438,1.000200124
51.30703125,1.000195129
51.33632813,1.000190117
51.365625,1.000185087
51.39492188,1.000180044
51.42421875,1.000174988
51.45351563,1.00016992
51.4828125,1.000164844
51.51210938,1.00015976
51.54140625,1.00015467
51.57070313,1.000149576
51.6,1.00014448
51.62929688,1.000139383
51.65859375,1.000134287
51.68789063,1.000129193
51.7171875,1.000124104
51.74648438,1.00011902
51.77578125,1.000113944
51.80507813,1.000108877
51.834375,1.00010382
51.86367188,1.000098776
51.89296875,1.000093745
51.92226563,1.000088728
51.9515625,1.000083729
51.98085938,1.000078747
52.01015625,1.000073785
52.03945313,1.000068844
52.06875,1.000063925
52.09804688,1.00005903
52.12734375,1.00005416
52.15664063,1.000049317
52.1859375,1.000044501
52.21523438,1.000039714
52.24453125,1.000034957
52.27382813,1.000030232
52.303125,1.00002554
52.33242188,1.000020882
52.36171875,1.000016259
52.39101563,1.000011673
52.4203125,1.000007124
52.44960938,1.000002614
52.47890625,0.9999981432
52.50820313,0.9999937138
52.5375,0.9999893263
52.56679688,0.9999849818
52.59609375,0.9999806813
52.62539063,0.9999764258
52.6546875,0.9999722163
52.68398438,0.9999680538
52.71328125,0.999963939
52.74257813,0.999959873
52.771875,0.9999558567
52.80117188,0.9999518908
52.83046875,0.9999479762
52.85976563,0.9999441137
52.8890625,0.999940304
52.91835938,0.999936548
52.94765625,0.9999328464
52.97695313,0.9999291998
53.00625,0.9999256089
53.03554688,0.9999220745
53.06484375,0.9999185971
53.09414063,0.9999151773
53.1234375,0.9999118157
53.15273438,0.999908513
53.18203125,0.9999052696
53.21132813,0.999902086
53.240625,0.9998989627
53.26992188,0.9998959003
53.29921875,0.999892899
53.32851563,0.9998899594
53.3578125,0.9998870819
53.38710938,0.9998842668
53.41640625,0.9998815144
53.44570313,0.9998788252
53.475,0.9998761993
53.50429688,0.9998736371
53.53359375,0.9998711388
53.56289063,0.9998687046
53.5921875,0.9998663348
53.62148438,0.9998640295
53.65078125,0.999861789
53.68007813,0.9998596133
53.709375,0.9998575025
53.73867188,0.9998554568
53.76796875,0.9998534762
53.79726563,0.9998515609
53.8265625,0.9998497107
53.85585938,0.9998479257
53.88515625,0.999846206
53.91445313,0.9998445515
53.94375,0.9998429621
53.97304688,0.9998414377
54.00234375,0.9998399783
54.03164063,0.9998385837
54.0609375,0.9998372539
54.09023438,0.9998359886
54.11953125,0.9998347877
54.14882813,0.999833651
54.178125,0.9998325783
54.20742188,0.9998315693
54.23671875,0.9998306238
54.26601563,0.9998297416
54.2953125,0.9998289223
54.32460938,0.9998281656
54.35390625,0.9998274713
54.38320313,0.999826839
54.4125,0.9998262683
54.44179688,0.9998257589
54.47109375,0.9998253103
54.50039063,0.9998249223
54.5296875,0.9998245942
54.55898438,0.9998243258
54.58828125,0.9998241166
54.61757813,0.999823966
54.646875,0.9998238737
54.67617188,0.9998238391
54.70546875,0.9998238618
54.73476563,0.9998239411
54.7640625,0.9998240765
54.79335938,0.9998242676
54.82265625,0.9998245137
54.85195313,0.9998248143
54.88125,0.9998251688
54.91054688,0.9998255765
54.93984375,0.999826037
54.96914063,0.9998265494
54.9984375,0.9998271133
55.02773438,0.9998277279
55.05703125,0.9998283927
55.08632813,0.9998291069
55.115625,0.9998298698
55.14492188,0.9998306808
55.17421875,0.9998315393
55.20351563,0.9998324444
55.2328125,0.9998333954
55.26210938,0.9998343918
55.29140625,0.9998354326
55.32070313,0.9998365172
55.35,0.9998376449
55.37929688,0.9998388148
55.40859375,0.9998400262
55.43789063,0.9998412784
55.4671875,0.9998425706
55.49648438,0.999843902
55.52578125,0.9998452719
55.55507813,0.9998466794
55.584375,0.9998481237
55.61367188,0.999849604
55.64296875,0.9998511196
55.67226563,0.9998526697
55.7015625,0.9998542533
55.73085938,0.9998558698
55.76015625,0.9998575183
55.78945313,0.9998591979
55.81875,0.9998609079
55.84804688,0.9998626474
55.87734375,0.9998644156
55.90664063,0.9998662117
55.9359375,0.9998680348
55.96523438,0.9998698841
55.99453125,0.9998717587
56.02382813,0.9998736579
56.053125,0.9998755808
56.08242188,0.9998775266
56.11171875,0.9998794944
56.14101563,0.9998814834
56.1703125,0.9998834927
56.19960938,0.9998855216
56.22890625,0.9998875692
56.25820313,0.9998896346
56.2875,0.9998917171
56.31679688,0.9998938158
56.34609375,0.9998959299
56.37539063,0.9998980586
56.4046875,0.999900201
56.43398438,0.9999023564
56.46328125,0.9999045239
56.49257813,0.9999067027
56.521875,0.999908892
56.55117188,0.999911091
56.58046875,0.999913299
56.60976563,0.999915515
56.6390625,0.9999177384
56.66835938,0.9999199683
56.69765625,0.999922204
56.72695313,0.9999244447
56.75625,0.9999266896
56.78554688,0.999928938
56.81484375,0.9999311891
56.84414063,0.9999334421
56.8734375,0.9999356964
56.90273438,0.9999379511
56.93203125,0.9999402056
56.96132813,0.999942459
56.990625,0.9999447108
57.01992188,0.9999469601
57.04921875,0.9999492064
57.07851563,0.9999514487
57.1078125,0.9999536866
57.13710938,0.9999559193
57.16640625,0.9999581462
57.19570313,0.9999603665
57.225,0.9999625796
57.25429688,0.9999647849
57.28359375,0.9999669817
57.31289063,0.9999691694
57.3421875,0.9999713473
57.37148438,0.9999735149
57.40078125,0.9999756716
57.43007813,0.9999778167
57.459375,0.9999799496
57.48867188,0.9999820698
57.51796875,0.9999841768
57.54726563,0.9999862699
57.5765625,0.9999883485
57.60585938,0.9999904123
57.63515625,0.9999924605
57.66445313,0.9999944928
57.69375,0.9999965085
57.72304688,0.9999985072
57.75234375,1.000000488
57.78164063,1.000002452
57.8109375,1.000004397
57.84023438,1.000006322
57.86953125,1.000008229
57.89882813,1.000010116
57.928125,1.000011982
57.95742188,1.000013828
57.98671875,1.000015653
58.01601563,1.000017456
58.0453125,1.000019237
58.07460938,1.000020996
58.10390625,1.000022733
58.13320313,1.000024446
58.1625,1.000026137
58.19179688,1.000027803
58.22109375,1.000029446
58.25039063,1.000031064
58.2796875,1.000032658
58.30898438,1.000034227
58.33828125,1.000035771
58.36757813,1.000037289
58.396875,1.000038782
58.42617188,1.000040248
58.45546875,1.000041689
58.48476563,1.000043103
58.5140625,1.000044491
58.54335938,1.000045851
58.57265625,1.000047185
58.60195313,1.000048491
58.63125,1.00004977
58.66054688,1.000051022
58.68984375,1.000052245
58.71914063,1.000053441
58.7484375,1.000054609
58.77773438,1.000055749
58.80703125,1.00005686
58.83632813,1.000057943
58.865625,1.000058998
58.89492188,1.000060024
58.92421875,1.000061022
58.95351563,1.000061991
58.9828125,1.000062931
59.01210938,1.000063842
59.04140625,1.000064725
59.07070313,1.000065579
59.1,1.000066404
59.12929688,1.0000672
59.15859375,1.000067967
59.18789063,1.000068706
59.2171875,1.000069415
59.24648438,1.000070096
59.27578125,1.000070749
59.30507813,1.000071372
59.334375,1.000071967
59.36367188,1.000072533
59.39296875,1.000073071
59.42226563,1.000073581
59.4515625,1.000074062
59.48085938,1.000074515
59.51015625,1.000074939
59.53945313,1.000075336
59.56875,1.000075705
59.59804688,1.000076046
59.62734375,1.00007636
59.65664063,1.000076646
59.6859375,1.000076905
59.71523438,1.000077137
59.74453125,1.000077342
59.77382813,1.00007752
59.803125,1.000077671
59.83242188,1.000077796
59.86171875,1.000077895
59.89101563,1.000077968
59.9203125,1.000078015
59.94960938,1.000078036
59.97890625,1.000078033
60.00820313,1.000078004
60.0375,1.00007795
60.06679688,1.000077871
60.09609375,1.000077768
60.12539063,1.000077641
60.1546875,1.00007749
60.18398438,1.000077316
60.21328125,1.000077118
60.24257813,1.000076897
60.271875,1.000076653
60.30117188,1.000076387
60.33046875,1.000076098
60.35976563,1.000075788
60.3890625,1.000075456
60.41835938,1.000075102
60.44765625,1.000074728
60.47695313,1.000074333
60.50625,1.000073917
60.53554688,1.000073482
60.56484375,1.000073026
60.59414063,1.000072551
60.6234375,1.000072058
60.65273438,1.000071545
60.68203125,1.000071014
60.71132813,1.000070465
60.740625,1.000069898
60.76992188,1.000069313
60.79921875,1.000068712
60.82851563,1.000068094
60.8578125,1.000067459
60.88710938,1.000066809
60.91640625,1.000066142
60.94570313,1.000065461
60.975,1.000064764
61.00429688,1.000064053
61.03359375,1.000063328
61.06289063,1.000062589
61.0921875,1.000061836
61.12148438,1.00006107
61.15078125,1.000060292
61.18007813,1.000059501
61.209375,1.000058698
61.23867188,1.000057883
61.26796875,1.000057057
61.29726563,1.00005622
61.3265625,1.000055373
61.35585938,1.000054515
61.38515625,1.000053648
61.41445313,1.000052771
61.44375,1.000051885
61.47304688,1.00005099
61.50234375,1.000050087
61.53164063,1.000049176
61.5609375,1.000048258
61.59023438,1.000047332
61.61953125,1.000046399
61.64882813,1.00004546
61.678125,1.000044514
61.70742188,1.000043563
61.73671875,1.000042606
61.76601563,1.000041644
61.7953125,1.000040678
61.82460938,1.000039707
61.85390625,1.000038732
61.88320313,1.000037753
61.9125,1.000036771
61.94179688,1.000035786
61.97109375,1.000034799
62.00039063,1.000033809
62.0296875,1.000032817
62.05898438,1.000031824
62.08828125,1.000030829
62.11757813,1.000029833
62.146875,1.000028837
62.17617188,1.000027841
62.20546875,1.000026844
62.23476563,1.000025848
62.2640625,1.000024853
62.29335938,1.000023858
62.32265625,1.000022865
62.35195313,1.000021873
62.38125,1.000020884
62.41054688,1.000019896
62.43984375,1.000018911
62.46914063,1.000017929
62.4984375,1.00001695
62.52773438,1.000015975
62.55703125,1.000015003
62.58632813,1.000014035
62.615625,1.000013071
62.64492188,1.000012112
62.67421875,1.000011157
62.70351563,1.000010208
62.7328125,1.000009264
62.76210938,1.000008325
62.79140625,1.000007392
62.82070313,1.000006466
62.85,1.000005545
62.87929688,1.000004631
62.90859375,1.000003724
62.93789063,1.000002824
62.9671875,1.000001932
62.99648438,1.000001046
63.02578125,1.000000169
63.05507813,0.9999992988
63.084375,0.9999984371
63.11367188,0.9999975838
63.14296875,0.999996739
63.17226563,0.9999959028
63.2015625,0.9999950756
63.23085938,0.9999942575
63.26015625,0.9999934487
63.28945313,0.9999926492
63.31875,0.9999918594
63.34804688,0.9999910794
63.37734375,0.9999903094
63.40664063,0.9999895494
63.4359375,0.9999887998
63.46523438,0.9999880605
63.49453125,0.9999873318
63.52382813,0.9999866138
63.553125,0.9999859066
63.58242188,0.9999852104
63.61171875,0.9999845253
63.64101563,0.9999838514
63.6703125,0.9999831888
63.69960938,0.9999825376
63.72890625,0.999981898
63.75820313,0.9999812701
63.7875,0.9999806539
63.81679688,0.9999800495
63.84609375,0.9999794571
63.87539063,0.9999788767
63.9046875,0.9999783084
63.93398438,0.9999777522
63.96328125,0.9999772083
63.99257813,0.9999766767
64.021875,0.9999761574
64.05117187,0.9999756506
64.08046875,0.9999751562
64.10976562,0.9999746743
64.1390625,0.999974205
64.16835937,0.9999737483
64.19765625,0.9999733043
64.22695312,0.9999728728
64.25625,0.9999724541
64.28554687,0.9999720481
64.31484375,0.9999716548
64.34414062,0.9999712742
64.3734375,0.9999709064
64.40273437,0.9999705514
64.43203125,0.9999702091
64.46132812,0.9999698795
64.490625,0.9999695626
64.51992187,0.9999692585
64.54921875,0.9999689671
64.57851562,0.9999686883
64.6078125,0.9999684223
64.63710937,0.9999681688
64.66640625,0.999967928
64.69570312,0.9999676997
64.725,0.999967484
64.75429687,0.9999672807
64.78359375,0.9999670899
64.81289062,0.9999669114
64.8421875,0.9999667453
64.87148437,0.9999665914
64.90078125,0.9999664498
64.93007812,0.9999663203
64.959375,0.9999662029
64.98867187,0.9999660974
65.01796875,0.999966004
65.04726562,0.9999659223
65.0765625,0.9999658525
65.10585937,0.9999657943
65.13515625,0.9999657478
65.16445312,0.9999657128
65.19375,0.9999656892
65.22304687,0.9999656769
65.25234375,0.9999656758
65.28164062,0.9999656859
65.3109375,0.999965707
65.34023437,0.999965739
65.36953125,0.9999657818
65.39882812,0.9999658353
65.428125,0.9999658995
65.45742187,0.999965974
65.48671875,0.999966059
65.51601562,0.9999661541
65.5453125,0.9999662594
65.57460937,0.9999663746
65.60390625,0.9999664997
65.63320312,0.9999666345
65.6625,0.999966779
65.69179687,0.9999669328
65.72109375,0.999967096
65.75039062,0.9999672684
65.7796875,0.9999674499
65.80898437,0.9999676402
65.83828125,0.9999678393
65.86757812,0.9999680471
65.896875,0.9999682633
65.92617187,0.9999684878
65.95546875,0.9999687206
65.98476562,0.9999689614
66.0140625,0.99996921
66.04335937,0.9999694664
66.07265625,0.9999697304
66.10195312,0.9999700018
66.13125,0.9999702805
66.16054687,0.9999705663
66.18984375,0.999970859
66.21914062,0.9999711586
66.2484375,0.9999714648
66.27773437,0.9999717774
66.30703125,0.9999720964
66.33632812,0.9999724215
66.365625,0.9999727527
66.39492187,0.9999730896
66.42421875,0.9999734322
66.45351562,0.9999737804
66.4828125,0.9999741338
66.51210937,0.9999744925
66.54140625,0.9999748561
66.57070312,0.9999752246
66.6,0.9999755978
66.62929687,0.9999759756
66.65859375,0.9999763576
66.68789062,0.9999767439
66.7171875,0.9999771342
66.74648437,0.9999775284
66.77578125,0.9999779263
66.80507812,0.9999783277
66.834375,0.9999787326
66.86367187,0.9999791406
66.89296875,0.9999795518
66.92226562,0.9999799658
66.9515625,0.9999803826
66.98085937,0.999980802
67.01015625,0.9999812239
67.03945312,0.999981648
67.06875,0.9999820743
67.09804687,0.9999825025
67.12734375,0.9999829326
67.15664062,0.9999833643
67.1859375,0.9999837975
67.21523437,0.9999842321
67.24453125,0.9999846679
67.27382812,0.9999851048
67.303125,0.9999855426
67.33242187,0.9999859812
67.36171875,0.9999864204
67.39101562,0.99998686
67.4203125,0.9999873
67.44960937,0.9999877401
67.47890625,0.9999881803
67.50820312,0.9999886204
67.5375,0.9999890603
67.56679687,0.9999894997
67.59609375,0.9999899387
67.62539062,0.9999903769
67.6546875,0.9999908144
67.68398437,0.999991251
67.71328125,0.9999916865
67.74257812,0.9999921208
67.771875,0.9999925538
67.80117187,0.9999929854
67.83046875,0.9999934153
67.85976562,0.9999938436
67.8890625,0.9999942701
67.91835937,0.9999946946
67.94765625,0.999995117
67.97695312,0.9999955373
68.00625,0.9999959552
68.03554687,0.9999963708
68.06484375,0.9999967838
68.09414062,0.9999971942
68.1234375,0.9999976019
68.15273437,0.9999980067
68.18203125,0.9999984085
68.21132812,0.9999988073
68.240625,0.9999992029
68.26992187,0.9999995953
68.29921875,0.9999999843
68.32851562,1.00000037
68.3578125,1.000000752
68.38710937,1.00000113
68.41640625,1.000001505
68.44570312,1.000001876
68.475,1.000002243
68.50429687,1.000002606
68.53359375,1.000002964
68.56289062,1.000003319
68.5921875,1.00000367
68.62148437,1.000004016
68.65078125,1.000004358
68.68007812,1.000004695
68.709375,1.000005028
68.73867187,1.000005356
68.76796875,1.00000568
68.79726562,1.000005999
68.8265625,1.000006313
68.85585937,1.000006622
68.88515625,1.000006927
68.91445312,1.000007226
68.94375,1.000007521
68.97304687,1.00000781
69.00234375,1.000008095
69.03164062,1.000008374
69.0609375,1.000008648
69.09023437,1.000008917
69.11953125,1.000009181
69.14882812,1.000009439
69.178125,1.000009692
69.20742187,1.00000994
69.23671875,1.000010182
69.26601562,1.000010419
69.2953125,1.00001065
69.32460937,1.000010876
69.35390625,1.000011096
69.38320312,1.000011311
69.4125,1.00001152
69.44179687,1.000011724
69.47109375,1.000011922
69.50039062,1.000012115
69.5296875,1.000012302
69.55898437,1.000012483
69.58828125,1.000012659
69.61757812,1.000012829
69.646875,1.000012993
69.67617187,1.000013152
69.70546875,1.000013305
69.73476562,1.000013453
69.7640625,1.000013595
69.79335937,1.000013731
69.82265625,1.000013862
69.85195312,1.000013987
69.88125,1.000014106
69.91054687,1.00001422
69.93984375,1.000014328
69.96914062,1.000014431
69.9984375,1.000014528
70.02773437,1.00001462
70.05703125,1.000014706
70.08632812,1.000014786
70.115625,1.000014862
70.14492187,1.000014931
70.17421875,1.000014996
70.20351562,1.000015055
70.2328125,1.000015108
70.26210937,1.000015157
70.29140625,1.0000152
70.32070312,1.000015237
70.35,1.00001527
70.37929687,1.000015297
70.40859375,1.000015319
70.43789062,1.000015336
70.4671875,1.000015348
70.49648437,1.000015355
70.52578125,1.000015357
70.55507812,1.000015355
70.584375,1.000015347
70.61367187,1.000015334
70.64296875,1.000015317
70.67226562,1.000015294
70.7015625,1.000015267
70.73085937,1.000015236
70.76015625,1.0000152
70.78945312,1.000015159
70.81875,1.000015114
70.84804687,1.000015064
70.87734375,1.00001501
70.90664062,1.000014952
70.9359375,1.000014889
70.96523437,1.000014823
70.99453125,1.000014752
71.02382812,1.000014677
71.053125,1.000014598
71.08242187,1.000014515
71.11171875,1.000014428
71.14101562,1.000014337
71.1703125,1.000014243
71.19960937,1.000014144
71.22890625,1.000014043
71.25820312,1.000013937
71.2875,1.000013828
71.31679687,1.000013716
71.34609375,1.0000136
71.37539062,1.000013481
71.4046875,1.000013359
71.43398437,1.000013233
71.46328125,1.000013105
71.49257812,1.000012973
71.521875,1.000012839
71.55117187,1.000012701
71.58046875,1.000012561
71.60976562,1.000012418
71.6390625,1.000012272
71.66835937,1.000012124
71.69765625,1.000011973
71.72695312,1.00001182
71.75625,1.000011664
71.78554687,1.000011506
71.81484375,1.000011345
71.84414062,1.000011183
71.8734375,1.000011018
71.90273437,1.000010852
71.93203125,1.000010683
71.96132812,1.000010513
71.990625,1.00001034
72.01992187,1.000010166
72.04921875,1.000009991
72.07851562,1.000009813
72.1078125,1.000009634
72.13710937,1.000009454
72.16640625,1.000009272
72.19570312,1.000009089
72.225,1.000008905
72.25429687,1.00000872
72.28359375,1.000008533
72.31289062,1.000008346
72.3421875,1.000008157
72.37148437,1.000007968
72.40078125,1.000007777
72.43007812,1.000007586
72.459375,1.000007395
72.48867187,1.000007202
72.51796875,1.000007009
72.54726562,1.000006816
72.5765625,1.000006622
72.60585937,1.000006428
72.63515625,1.000006234
72.66445312,1.000006039
72.69375,1.000005844
72.72304687,1.000005649
72.75234375,1.000005454
72.78164062,1.00000526
72.8109375,1.000005065
72.84023437,1.00000487
72.86953125,1.000004676
72.89882812,1.000004482
72.928125,1.000004288
72.95742187,1.000004094
72.98671875,1.000003901
73.01601562,1.000003709
73.0453125,1.000003517
73.07460937,1.000003326
73.10390625,1.000003136
73.13320312,1.000002946
73.1625,1.000002757
73.19179687,1.000002569
73.22109375,1.000002381
73.25039062,1.000002195
73.2796875,1.00000201
73.30898437,1.000001826
73.33828125,1.000001643
73.36757812,1.000001461
73.396875,1.00000128
73.42617187,1.000001101
73.45546875,1.000000922
73.48476562,1.000000746
73.5140625,1.00000057
73.54335937,1.000000396
73.57265625,1.000000224
73.60195312,1.000000053
73.63125,0.9999998834
73.66054687,0.9999997156
73.68984375,0.9999995494
73.71914062,0.9999993849
73.7484375,0.9999992221
73.77773437,0.9999990611
73.80703125,0.9999989019
73.83632812,0.9999987445
73.865625,0.999998589
73.89492187,0.9999984354
73.92421875,0.9999982837
73.95351562,0.9999981339
73.9828125,0.9999979862
74.01210937,0.9999978405
74.04140625,0.9999976968
74.07070312,0.9999975552
74.1,0.9999974157
74.12929687,0.9999972784
74.15859375,0.9999971432
74.18789062,0.9999970101
74.2171875,0.9999968793
74.24648437,0.9999967507
74.27578125,0.9999966244
74.30507812,0.9999965003
74.334375,0.9999963785
74.36367187,0.999996259
74.39296875,0.9999961418
74.42226562,0.999996027
74.4515625,0.9999959146
74.48085937,0.9999958045
74.51015625,0.9999956968
74.53945312,0.9999955914
74.56875,0.9999954886
74.59804687,0.9999953881
74.62734375,0.9999952901
74.65664062,0.9999951945
74.6859375,0.9999951013
74.71523437,0.9999950106
74.74453125,0.9999949224
74.77382812,0.9999948367
74.803125,0.9999947534
74.83242187,0.9999946726
74.86171875,0.9999945944
74.89101562,0.9999945186
74.9203125,0.9999944453
74.94960937,0.9999943744
74.97890625,0.9999943061
75.00820312,0.9999942403
75.0375,0.999994177
75.06679687,0.9999941161
75.09609375,0.9999940578
75.12539062,0.9999940019
75.1546875,0.9999939485
75.18398437,0.9999938976
75.21328125,0.9999938492
75.24257812,0.9999938032
75.271875,0.9999937596
75.30117187,0.9999937185
75.33046875,0.9999936799
75.35976562,0.9999936437
75.3890625,0.9999936099
75.41835937,0.9999935785
75.44765625,0.9999935495
75.47695312,0.9999935229
75.50625,0.9999934987
75.53554687,0.9999934768
75.56484375,0.9999934572
75.59414062,0.99999344
75.6234375,0.9999934251
75.65273437,0.9999934125
75.68203125,0.9999934022
75.71132812,0.9999933941
75.740625,0.9999933883
75.76992187,0.9999933847
75.79921875,0.9999933834
75.82851562,0.9999933842
75.8578125,0.9999933872
75.88710937,0.9999933923
75.91640625,0.9999933995
75.94570312,0.9999934089
75.975,0.9999934203
76.00429687,0.9999934338
76.03359375,0.9999934494
76.06289062,0.9999934669
76.0921875,0.9999934865
76.12148437,0.999993508
76.15078125,0.9999935315
76.18007812,0.9999935568
76.209375,0.9999935841
76.23867187,0.9999936132
76.26796875,0.9999936442
76.29726562,0.999993677
76.3265625,0.9999937116
76.35585937,0.9999937479
76.38515625,0.999993786
76.41445312,0.9999938257
76.44375,0.9999938672
76.47304687,0.9999939103
76.50234375,0.999993955
76.53164062,0.9999940013
76.5609375,0.9999940491
76.59023437,0.9999940985
76.61953125,0.9999941494
76.64882812,0.9999942017
76.678125,0.9999942556
76.70742187,0.9999943108
76.73671875,0.9999943674
76.76601562,0.9999944253
76.7953125,0.9999944845
76.82460937,0.9999945451
76.85390625,0.9999946069
76.88320312,0.9999946699
76.9125,0.9999947341
76.94179687,0.9999947995
76.97109375,0.999994866
77.00039062,0.9999949336
77.0296875,0.9999950023
77.05898437,0.999995072
77.08828125,0.9999951427
77.11757812,0.9999952144
77.146875,0.999995287
77.17617187,0.9999953606
77.20546875,0.999995435
77.23476562,0.9999955102
77.2640625,0.9999955863
77.29335937,0.9999956632
77.32265625,0.9999957408
77.35195312,0.9999958191
77.38125,0.9999958981
77.41054687,0.9999959777
77.43984375,0.999996058
77.46914062,0.9999961389
77.4984375,0.9999962203
77.52773437,0.9999963022
77.55703125,0.9999963847
77.58632812,0.9999964676
77.615625,0.999996551
77.64492187,0.9999966347
77.67421875,0.9999967188
77.70351562,0.9999968033
77.7328125,0.9999968881
77.76210937,0.9999969731
77.79140625,0.9999970585
77.82070312,0.999997144
77.85,0.9999972297
77.87929687,0.9999973156
77.90859375,0.9999974017
77.93789062,0.9999974878
77.9671875,0.999997574
77.99648437,0.9999976603
78.02578125,0.9999977466
78.05507812,0.9999978328
78.084375,0.9999979191
78.11367187,0.9999980052
78.14296875,0.9999980913
78.17226562,0.9999981773
78.2015625,0.9999982631
78.23085937,0.9999983487
78.26015625,0.9999984342
78.28945312,0.9999985194
78.31875,0.9999986044
78.34804687,0.9999986891
78.37734375,0.9999987735
78.40664062,0.9999988576
78.4359375,0.9999989414
78.46523437,0.9999990247
78.49453125,0.9999991077
78.52382812,0.9999991903
78.553125,0.9999992724
78.58242187,0.999999354
78.61171875,0.9999994352
78.64101562,0.9999995159
78.6703125,0.999999596
78.69960937,0.9999996756
78.72890625,0.9999997546
78.75820312,0.9999998331
78.7875,0.9999999109
78.81679687,0.9999999881
78.84609375,1.000000065
78.87539062,1.00000014
78.9046875,1.000000216
78.93398437,1.00000029
78.96328125,1.000000364
78.99257812,1.000000437
79.021875,1.000000509
79.05117187,1.000000581
79.08046875,1.000000651
79.10976562,1.000000721
79.1390625,1.00000079
79.16835937,1.000000859
79.19765625,1.000000926
79.22695312,1.000000993
79.25625,1.000001058
79.28554687,1.000001123
79.31484375,1.000001187
79.34414062,1.00000125
79.3734375,1.000001312
79.40273437,1.000001373
79.43203125,1.000001433
79.46132812,1.000001492
79.490625,1.00000155
79.51992187,1.000001608
79.54921875,1.000001664
79.57851562,1.000001719
79.6078125,1.000001773
79.63710937,1.000001827
79.66640625,1.000001879
79.69570312,1.00000193
79.725,1.00000198
79.75429687,1.000002029
79.78359375,1.000002077
79.81289062,1.000002124
79.8421875,1.00000217
79.87148437,1.000002215
79.90078125,1.000002259
79.93007812,1.000002301
79.959375,1.000002343
79.98867187,1.000002383
80.01796875,1.000002423
80.04726562,1.000002461
80.0765625,1.000002498
80.10585937,1.000002534
80.13515625,1.000002569
80.16445312,1.000002603
80.19375,1.000002636
80.22304687,1.000002668
80.25234375,1.000002698
80.28164062,1.000002728
80.3109375,1.000002756
80.34023437,1.000002784
80.36953125,1.00000281
80.39882812,1.000002835
80.428125,1.000002859
80.45742187,1.000002882
80.48671875,1.000002904
80.51601562,1.000002925
80.5453125,1.000002944
80.57460937,1.000002963
80.60390625,1.00000298
80.63320312,1.000002997
80.6625,1.000003012
80.69179687,1.000003026
80.72109375,1.00000304
80.75039062,1.000003052
80.7796875,1.000003063
80.80898437,1.000003073
80.83828125,1.000003082
80.86757812,1.00000309
80.896875,1.000003097
80.92617187,1.000003103
80.95546875,1.000003108
80.98476562,1.000003112
81.0140625,1.000003115
81.04335937,1.000003117
81.07265625,1.000003118
81.10195312,1.000003118
81.13125,1.000003117
81.16054687,1.000003115
81.18984375,1.000003112
81.21914062,1.000003109
81.2484375,1.000003104
81.27773437,1.000003098
81.30703125,1.000003092
81.33632812,1.000003085
81.365625,1.000003076
81.39492187,1.000003067
81.42421875,1.000003057
81.45351562,1.000003046
81.4828125,1.000003035
81.51210937,1.000003022
81.54140625,1.000003009
81.57070312,1.000002995
81.6,1.00000298
81.62929687,1.000002964
81.65859375,1.000002948
81.68789062,1.00000293
81.7171875,1.000002912
81.74648437,1.000002894
81.77578125,1.000002874
81.80507812,1.000002854
81.834375,1.000002833
81.86367187,1.000002812
81.89296875,1.00000279
81.92226562,1.000002767
81.9515625,1.000002744
81.98085937,1.000002719
82.01015625,1.000002695
82.03945312,1.000002669
82.06875,1.000002644
82.09804687,1.000002617
82.12734375,1.00000259
82.15664062,1.000002563
82.1859375,1.000002535
82.21523437,1.000002506
82.24453125,1.000002477
82.27382812,1.000002447
82.303125,1.000002417
82.33242187,1.000002387
82.36171875,1.000002356
82.39101562,1.000002324
82.4203125,1.000002292
82.44960937,1.00000226
82.47890625,1.000002228
82.50820312,1.000002195
82.5375,1.000002161
82.56679687,1.000002128
82.59609375,1.000002094
82.62539062,1.000002059
82.6546875,1.000002025
82.68398437,1.00000199
82.71328125,1.000001954
82.74257812,1.000001919
82.771875,1.000001883
82.80117187,1.000001847
82.83046875,1.000001811
82.85976562,1.000001775
82.8890625,1.000001738
82.91835937,1.000001701
82.94765625,1.000001664
82.97695312,1.000001627
83.00625,1.00000159
83.03554687,1.000001552
83.06484375,1.000001515
83.09414062,1.000001477
83.1234375,1.00000144
83.15273437,1.000001402
83.18203125,1.000001364
83.21132812,1.000001326
83.240625,1.000001288
83.26992187,1.00000125
83.29921875,1.000001212
83.32851562,1.000001175
83.3578125,1.000001137
83.38710937,1.000001099
83.41640625,1.000001061
83.44570312,1.000001023
83.475,1.000000985
83.50429687,1.000000948
83.53359375,1.00000091
83.56289062,1.000000872
83.5921875,1.000000835
83.62148437,1.000000798
83.65078125,1.000000761
83.68007812,1.000000724
83.709375,1.000000687
83.73867187,1.00000065
83.76796875,1.000000614
83.79726562,1.000000577
83.8265625,1.000000541
83.85585937,1.000000505
83.88515625,1.000000469
83.91445312,1.000000434
83.94375,1.000000399
83.97304687,1.000000364
84.00234375,1.000000329
84.03164062,1.000000294
84.0609375,1.00000026
84.09023437,1.000000226
84.11953125,1.000000192
84.14882812,1.000000159
84.178125,1.000000126
84.20742187,1.000000093
84.23671875,1.000000061
84.26601562,1.000000028
84.2953125,0.9999999966
84.32460937,0.9999999651
84.35390625,0.999999934
84.38320312,0.9999999032
84.4125,0.9999998728
84.44179687,0.9999998427
84.47109375,0.999999813
84.50039062,0.9999997837
84.5296875,0.9999997548
84.55898437,0.9999997263
84.58828125,0.9999996982
84.61757812,0.9999996704
84.646875,0.9999996432
84.67617187,0.9999996162
84.70546875,0.9999995898
84.73476562,0.9999995637
84.7640625,0.9999995381
84.79335937,0.9999995129
84.82265625,0.9999994882
84.85195312,0.9999994638
84.88125,0.99999944
84.91054687,0.9999994165
84.93984375,0.9999993936
84.96914062,0.9999993711
84.9984375,0.999999349
85.02773437,0.9999993274
85.05703125,0.9999993063
85.08632812,0.9999992856
85.115625,0.9999992654
85.14492187,0.9999992457
85.17421875,0.9999992265
85.20351562,0.9999992077
85.2328125,0.9999991894
85.26210937,0.9999991716
85.29140625,0.9999991543
85.32070312,0.9999991374
85.35,0.9999991211
85.37929687,0.9999991052
85.40859375,0.9999990898
85.43789062,0.9999990749
85.4671875,0.9999990605
85.49648437,0.9999990466
85.52578125,0.9999990331
85.55507812,0.9999990202
85.584375,0.9999990077
85.61367187,0.9999989957
85.64296875,0.9999989842
85.67226562,0.9999989732
85.7015625,0.9999989627
85.73085937,0.9999989527
85.76015625,0.9999989431
85.78945312,0.999998934
85.81875,0.9999989254
85.84804687,0.9999989173
85.87734375,0.9999989097
85.90664062,0.9999989025
85.9359375,0.9999988958
85.96523437,0.9999988896
85.99453125,0.9999988839
86.02382812,0.9999988786
86.053125,0.9999988738
86.08242187,0.9999988694
86.11171875,0.9999988655
86.14101562,0.999998862
86.1703125,0.9999988591
86.19960937,0.9999988565
86.22890625,0.9999988544
86.25820312,0.9999988528
86.2875,0.9999988516
86.31679687,0.9999988508
86.34609375,0.9999988505
86.37539062,0.9999988505
86.4046875,0.9999988511
86.43398437,0.999998852
86.46328125,0.9999988534
86.49257812,0.9999988551
86.521875,0.9999988573
86.55117187,0.9999988599
86.58046875,0.9999988629
86.60976562,0.9999988662
86.6390625,0.99999887
86.66835937,0.9999988742
86.69765625,0.9999988787
86.72695312,0.9999988836
86.75625,0.9999988889
86.78554687,0.9999988946
86.81484375,0.9999989006
86.84414062,0.999998907
86.8734375,0.9999989137
86.90273437,0.9999989207
86.93203125,0.9999989282
86.96132812,0.9999989359
86.990625,0.999998944
87.01992187,0.9999989524
87.04921875,0.9999989611
87.07851562,0.9999989701
87.1078125,0.9999989795
87.13710937,0.9999989891
87.16640625,0.9999989991
87.19570312,0.9999990093
87.225,0.9999990198
87.25429687,0.9999990306
87.28359375,0.9999990417
87.31289062,0.999999053
87.3421875,0.9999990646
87.37148437,0.9999990764
87.40078125,0.9999990885
87.43007812,0.9999991008
87.459375,0.9999991134
87.48867187,0.9999991262
87.51796875,0.9999991392
87.54726562,0.9999991525
87.5765625,0.9999991659
87.60585937,0.9999991796
87.63515625,0.9999991934
87.66445312,0.9999992075
87.69375,0.9999992217
87.72304687,0.9999992361
87.75234375,0.9999992507
87.78164062,0.9999992655
87.8109375,0.9999992804
87.84023437,0.9999992955
87.86953125,0.9999993107
87.89882812,0.999999326
87.928125,0.9999993416
87.95742187,0.9999993572
87.98671875,0.999999373
88.01601562,0.9999993888
88.0453125,0.9999994048
88.07460937,0.9999994209
88.10390625,0.9999994371
88.13320312,0.9999994534
88.1625,0.9999994698
88.19179687,0.9999994862
88.22109375,0.9999995028
88.25039062,0.9999995194
88.2796875,0.999999536
88.30898437,0.9999995527
88.33828125,0.9999995695
88.36757812,0.9999995863
88.396875,0.9999996032
88.42617187,0.9999996201
88.45546875,0.9999996371
88.48476562,0.999999654
88.5140625,0.999999671
88.54335937,0.9999996879
88.57265625,0.9999997049
88.60195312,0.9999997219
88.63125,0.9999997389
88.66054687,0.9999997559
88.68984375,0.9999997728
88.71914062,0.9999997898
88.7484375,0.9999998067
88.77773437,0.9999998236
88.80703125,0.9999998404
88.83632812,0.9999998572
88.865625,0.999999874
88.89492187,0.9999998907
88.92421875,0.9999999073
88.95351562,0.9999999239
88.9828125,0.9999999404
89.01210937,0.9999999569
89.04140625,0.9999999733
89.07070312,0.9999999896
89.1,1.000000006
89.12929687,1.000000022
89.15859375,1.000000038
89.18789062,1.000000054
89.2171875,1.00000007
89.24648437,1.000000085
89.27578125,1.000000101
89.30507812,1.000000117
89.334375,1.000000132
89.36367187,1.000000147
89.39296875,1.000000162
89.42226562,1.000000177
89.4515625,1.000000192
89.48085937,1.000000207
89.51015625,1.000000222
89.53945312,1.000000236
89.56875,1.00000025
89.59804687,1.000000265
89.62734375,1.000000279
89.65664062,1.000000292
89.6859375,1.000000306
89.71523437,1.00000032
89.74453125,1.000000333
89.77382812,1.000000346
89.803125,1.000000359
89.83242187,1.000000372
89.86171875,1.000000385
89.89101562,1.000000397
89.9203125,1.00000041
89.94960937,1.000000422
89.97890625,1.000000434
90.00820312,1.000000446
90.0375,1.000000457
90.06679687,1.000000469
90.09609375,1.00000048
90.12539062,1.000000491
90.1546875,1.000000502
90.18398437,1.000000512
90.21328125,1.000000523
90.24257812,1.000000533
90.271875,1.000000543
90.30117187,1.000000553
90.33046875,1.000000562
90.35976562,1.000000572
90.3890625,1.000000581
90.41835937,1.00000059
90.44765625,1.000000599
90.47695312,1.000000607
90.50625,1.000000616
90.53554687,1.000000624
90.56484375,1.000000632
90.59414062,1.000000639
90.6234375,1.000000647
90.65273437,1.000000654
90.68203125,1.000000661
90.71132812,1.000000668
90.740625,1.000000675
90.76992187,1.000000681
90.79921875,1.000000688
90.82851562,1.000000694
90.8578125,1.000000699
90.88710937,1.000000705
90.91640625,1.00000071
90.94570312,1.000000715
90.975,1.00000072
91.00429687,1.000000725
91.03359375,1.00000073
91.06289062,1.000000734
91.0921875,1.000000738
91.12148437,1.000000742
91.15078125,1.000000745
91.18007812,1.000000749
91.209375,1.000000752
91.23867187,1.000000755
91.26796875,1.000000758
91.29726562,1.000000761
91.3265625,1.000000763
91.35585937,1.000000765
91.38515625,1.000000767
91.41445312,1.000000769
91.44375,1.000000771
91.47304687,1.000000772
91.50234375,1.000000773
91.53164062,1.000000774
91.5609375,1.000000775
91.59023437,1.000000776
91.61953125,1.000000776
91.64882812,1.000000776
91.678125,1.000000776
91.70742187,1.000000776
91.73671875,1.000000776
91.76601562,1.000000775
91.7953125,1.000000775
91.82460937,1.000000774
91.85390625,1.000000773
91.88320312,1.000000771
91.9125,1.00000077
91.94179687,1.000000768
91.97109375,1.000000767
92.00039062,1.000000765
92.0296875,1.000000763
92.05898437,1.00000076
92.08828125,1.000000758
92.11757812,1.000000756
92.146875,1.000000753
92.17617187,1.00000075
92.20546875,1.000000747
92.23476562,1.000000744
92.2640625,1.000000741
92.29335937,1.000000737
92.32265625,1.000000733
92.35195312,1.00000073
92.38125,1.000000726
92.41054687,1.000000722
92.43984375,1.000000718
92.46914062,1.000000713
92.4984375,1.000000709
92.52773437,1.000000705
92.55703125,1.0000007
92.58632812,1.000000695
92.615625,1.00000069
92.64492187,1.000000685
92.67421875,1.00000068
92.70351562,1.000000675
92.7328125,1.00000067
92.76210937,1.000000664
92.79140625,1.000000659
92.82070312,1.000000653
92.85,1.000000648
92.87929687,1.000000642
92.90859375,1.000000636
92.93789062,1.00000063
92.9671875,1.000000624
92.99648437,1.000000618
93.02578125,1.000000612
93.05507812,1.000000605
93.084375,1.000000599
93.11367187,1.000000593
93.14296875,1.000000586
93.17226562,1.00000058
93.2015625,1.000000573
93.23085937,1.000000566
93.26015625,1.00000056
93.28945312,1.000000553
93.31875,1.000000546
93.34804687,1.000000539
93.37734375,1.000000532
93.40664062,1.000000525
93.4359375,1.000000518
93.46523437,1.000000511
93.49453125,1.000000504
93.52382812,1.000000497
93.553125,1.00000049
93.58242187,1.000000483
93.61171875,1.000000476
93.64101562,1.000000468
93.6703125,1.000000461
93.69960937,1.000000454
93.72890625,1.000000447
93.75820312,1.000000439
93.7875,1.000000432
93.81679687,1.000000425
93.84609375,1.000000418
93.87539062,1.00000041
93.9046875,1.000000403
93.93398437,1.000000396
93.96328125,1.000000389
93.99257812,1.000000381
94.021875,1.000000374
94.05117187,1.000000367
94.08046875,1.00000036
94.10976562,1.000000352
94.1390625,1.000000345
94.16835937,1.000000338
94.19765625,1.000000331
94.22695312,1.000000324
94.25625,1.000000317
94.28554687,1.00000031
94.31484375,1.000000303
94.34414062,1.000000296
94.3734375,1.000000289
94.40273437,1.000000282
94.43203125,1.000000275
94.46132812,1.000000268
94.490625,1.000000262
94.51992187,1.000000255
94.54921875,1.000000248
94.57851562,1.000000242
94.6078125,1.000000235
94.63710937,1.000000228
94.66640625,1.000000222
94.69570312,1.000000216
94.725,1.000000209
94.75429687,1.000000203
94.78359375,1.000000197
94.81289062,1.00000019
94.8421875,1.000000184
94.87148437,1.000000178
94.90078125,1.000000172
94.93007812,1.000000166
94.959375,1.000000161
94.98867187,1.000000155
95.01796875,1.000000149
95.04726562,1.000000144
95.0765625,1.000000138
95.10585937,1.000000133
95.13515625,1.000000127
95.16445312,1.000000122
95.19375,1.000000117
95.22304687,1.000000112
95.25234375,1.000000106
95.28164062,1.000000101
95.3109375,1.000000097
95.34023437,1.000000092
95.36953125,1.000000087
95.39882812,1.000000082
95.428125,1.000000078
95.45742187,1.000000073
95.48671875,1.000000069
95.51601562,1.000000065
95.5453125,1.00000006
95.57460937,1.000000056
95.60390625,1.000000052
95.63320312,1.000000048
95.6625,1.000000045
95.69179687,1.000000041
95.72109375,1.000000037
95.75039062,1.000000034
95.7796875,1.00000003
95.80898437,1.000000027
95.83828125,1.000000023
95.86757812,1.00000002
95.896875,1.000000017
95.92617187,1.000000014
95.95546875,1.000000011
95.98476562,1.000000008
96.0140625,1.000000006
96.04335937,1.000000003
96.07265625,1.000000001
96.10195312,0.9999999981
96.13125,0.9999999958
96.16054687,0.9999999936
96.18984375,0.9999999914
96.21914062,0.9999999894
96.2484375,0.9999999874
96.27773437,0.9999999856
96.30703125,0.9999999838
96.33632812,0.9999999821
96.365625,0.9999999806
96.39492187,0.9999999791
96.42421875,0.9999999777
96.45351562,0.9999999764
96.4828125,0.9999999752
96.51210937,0.9999999741
96.54140625,0.9999999731
96.57070312,0.9999999721
96.6,0.9999999713
96.62929687,0.9999999705
96.65859375,0.9999999699
96.68789062,0.9999999693
96.7171875,0.9999999689
96.74648437,0.9999999684
96.77578125,0.9999999682
96.80507812,0.9999999679
96.834375,0.9999999678
96.86367187,0.9999999678
96.89296875,0.9999999678
96.92226562,0.9999999679
96.9515625,0.9999999682
96.98085937,0.9999999684
97.01015625,0.9999999688
97.03945312,0.9999999693
97.06875,0.9999999698
97.09804687,0.9999999704
97.12734375,0.9999999711
97.15664062,0.9999999719
97.1859375,0.9999999728
97.21523437,0.9999999737
97.24453125,0.9999999747
97.27382812,0.9999999757
97.303125,0.9999999769
97.33242187,0.9999999781
97.36171875,0.9999999794
97.39101562,0.9999999808
97.4203125,0.9999999822
97.44960937,0.9999999837
97.47890625,0.9999999853
97.50820312,0.9999999869
97.5375,0.9999999886
97.56679687,0.9999999903
97.59609375,0.9999999922
97.62539062,0.999999994
97.6546875,0.999999996
97.68398437,0.999999998
97.71328125,1
97.74257812,1.000000002
97.771875,1.000000004
97.80117187,1.000000007
97.83046875,1.000000009
97.85976562,1.000000011
97.8890625,1.000000014
97.91835937,1.000000016
97.94765625,1.000000019
97.97695312,1.000000021
98.00625,1.000000024
98.03554687,1.000000026
98.06484375,1.000000029
98.09414062,1.000000032
98.1234375,1.000000034
98.15273437,1.000000037
98.18203125,1.00000004
98.21132812,1.000000043
98.240625,1.000000046
98.26992187,1.000000049
98.29921875,1.000000052
98.32851562,1.000000055
98.3578125,1.000000058
98.38710937,1.000000061
98.41640625,1.000000064
98.44570312,1.000000067
98.475,1.00000007
98.50429687,1.000000074
98.53359375,1.000000077
98.56289062,1.00000008
98.5921875,1.000000083
98.62148437,1.000000087
98.65078125,1.00000009
98.68007812,1.000000093
98.709375,1.000000097
98.73867187,1.0000001
98.76796875,1.000000103
98.79726562,1.000000107
98.8265625,1.00000011
98.85585937,1.000000113
98.88515625,1.000000117
98.91445312,1.00000012
98.94375,1.000000124
98.97304687,1.000000127
99.00234375,1.000000131
99.03164062,1.000000134
99.0609375,1.000000138
99.09023437,1.000000141
99.11953125,1.000000145
99.14882812,1.000000148
99.178125,1.000000152
99.20742187,1.000000155
99.23671875,1.000000158
99.26601562,1.000000162
99.2953125,1.000000165
99.32460937,1.000000169
99.35390625,1.000000172
99.38320312,1.000000176
99.4125,1.000000179
99.44179687,1.000000183
99.47109375,1.000000186
99.50039062,1.000000189
99.5296875,1.000000193
99.55898437,1.000000196
99.58828125,1.0000002
99.61757812,1.000000203
99.646875,1.000000206
99.67617187,1.000000209
99.70546875,1.000000213
99.73476562,1.000000216
99.7640625,1.000000219
99.79335937,1.000000223
99.82265625,1.000000226
99.85195312,1.000000229
99.88125,1.000000232
99.91054687,1.000000235
99.93984375,1.000000238
99.96914062,1.000000241
99.9984375,1.000000245
100.0277344,1.000000248
100.0570312,1.000000251
100.0863281,1.000000254
100.115625,1.000000257
100.1449219,1.00000026
100.1742187,1.000000262
100.2035156,1.000000265
100.2328125,1.000000268
100.2621094,1.000000271
100.2914062,1.000000274
100.3207031,1.000000276
100.35,1.000000279
100.3792969,1.000000282
100.4085937,1.000000285
100.4378906,1.000000287
100.4671875,1.00000029
100.4964844,1.000000292
100.5257812,1.000000295
100.5550781,1.000000297
100.584375,1.0000003
100.6136719,1.000000302
100.6429687,1.000000304
100.6722656,1.000000307
100.7015625,1.000000309
100.7308594,1.000000311
100.7601562,1.000000314
100.7894531,1.000000316
100.81875,1.000000318
100.8480469,1.00000032
100.8773437,1.000000322
100.9066406,1.000000324
100.9359375,1.000000326
100.9652344,1.000000328
100.9945312,1.00000033
101.0238281,1.000000332
101.053125,1.000000333
101.0824219,1.000000335
101.1117187,1.000000337
101.1410156,1.000000339
101.1703125,1.00000034
101.1996094,1.000000342
101.2289062,1.000000343
101.2582031,1.000000345
101.2875,1.000000346
101.3167969,1.000000348
101.3460937,1.000000349
101.3753906,1.000000351
101.4046875,1.000000352
101.4339844,1.000000353
101.4632812,1.000000354
101.4925781,1.000000355
101.521875,1.000000357
101.5511719,1.000000358
101.5804687,1.000000359
101.6097656,1.00000036
101.6390625,1.000000361
101.6683594,1.000000362
101.6976562,1.000000363
101.7269531,1.000000363
101.75625,1.000000364
101.7855469,1.000000365
101.8148437,1.000000366
101.8441406,1.000000366
101.8734375,1.000000367
101.9027344,1.000000368
101.9320312,1.000000368
101.9613281,1.000000369
101.990625,1.000000369
102.0199219,1.00000037
102.0492187,1.00000037
102.0785156,1.00000037
102.1078125,1.000000371
102.1371094,1.000000371
102.1664062,1.000000371
102.1957031,1.000000372
102.225,1.000000372
102.2542969,1.000000372
102.2835937,1.000000372
102.3128906,1.000000372
102.3421875,1.000000372
102.3714844,1.000000372
102.4007812,1.000000372
102.4300781,1.000000372
102.459375,1.000000372
102.4886719,1.000000372
102.5179687,1.000000372
102.5472656,1.000000371
102.5765625,1.000000371
102.6058594,1.000000371
102.6351562,1.000000371
102.6644531,1.00000037
102.69375,1.00000037
102.7230469,1.000000369
102.7523437,1.000000369
102.7816406,1.000000369
102.8109375,1.000000368
102.8402344,1.000000368
102.8695312,1.000000367
102.8988281,1.000000367
102.928125,1.000000366
102.9574219,1.000000365
102.9867187,1.000000365
103.0160156,1.000000364
103.0453125,1.000000363
103.0746094,1.000000363
103.1039062,1.000000362
103.1332031,1.000000361
103.1625,1.00000036
103.1917969,1.00000036
103.2210937,1.000000359
103.2503906,1.000000358
103.2796875,1.000000357
103.3089844,1.000000356
103.3382812,1.000000355
103.3675781,1.000000354
103.396875,1.000000353
103.4261719,1.000000352
103.4554687,1.000000351
103.4847656,1.00000035
103.5140625,1.000000349
103.5433594,1.000000348
103.5726562,1.000000347
103.6019531,1.000000346
103.63125,1.000000345
103.6605469,1.000000344
103.6898437,1.000000343
103.7191406,1.000000342
103.7484375,1.000000341
103.7777344,1.00000034
103.8070312,1.000000338
103.8363281,1.000000337
103.865625,1.000000336
103.8949219,1.000000335
103.9242187,1.000000334
103.9535156,1.000000333
103.9828125,1.000000331
104.0121094,1.00000033
104.0414062,1.000000329
104.0707031,1.000000328
104.1,1.000000326
104.1292969,1.000000325
104.1585937,1.000000324
104.1878906,1.000000323
104.2171875,1.000000321
104.2464844,1.00000032
104.2757812,1.000000319
104.3050781,1.000000318
104.334375,1.000000316
104.3636719,1.000000315
104.3929687,1.000000314
104.4222656,1.000000313
104.4515625,1.000000311
104.4808594,1.00000031
104.5101562,1.000000309
104.5394531,1.000000308
104.56875,1.000000306
104.5980469,1.000000305
104.6273437,1.000000304
104.6566406,1.000000303
104.6859375,1.000000301
104.7152344,1.0000003
104.7445312,1.000000299
104.7738281,1.000000298
104.803125,1.000000296
104.8324219,1.000000295
104.8617187,1.000000294
104.8910156,1.000000293
104.9203125,1.000000292
104.9496094,1.00000029
104.9789062,1.000000289
105.0082031,1.000000288
105.0375,1.000000287
105.0667969,1.000000286
105.0960937,1.000000284
105.1253906,1.000000283
105.1546875,1.000000282
105.1839844,1.000000281
105.2132812,1.00000028
105.2425781,1.000000279
105.271875,1.000000278
105.3011719,1.000000277
105.3304687,1.000000276
105.3597656,1.000000275
105.3890625,1.000000274
105.4183594,1.000000272
105.4476562,1.000000271
105.4769531,1.00000027
105.50625,1.000000269
105.5355469,1.000000268
105.5648437,1.000000268
105.5941406,1.000000267
105.6234375,1.000000266
105.6527344,1.000000265
105.6820312,1.000000264
105.7113281,1.000000263
105.740625,1.000000262
105.7699219,1.000000261
105.7992187,1.00000026
105.8285156,1.00000026
105.8578125,1.000000259
105.8871094,1.000000258
105.9164062,1.000000257
105.9457031,1.000000256
105.975,1.000000256
106.0042969,1.000000255
106.0335937,1.000000254
106.0628906,1.000000254
106.0921875,1.000000253
106.1214844,1.000000252
106.1507812,1.000000252
106.1800781,1.000000251
106.209375,1.00000025
106.2386719,1.00000025
106.2679687,1.000000249
106.2972656,1.000000249
106.3265625,1.000000248
106.3558594,1.000000248
106.3851562,1.000000247
106.4144531,1.000000247
106.44375,1.000000246
106.4730469,1.000000246
106.5023437,1.000000245
106.5316406,1.000000245
106.5609375,1.000000245
106.5902344,1.000000244
106.6195312,1.000000244
106.6488281,1.000000243
106.678125,1.000000243
106.7074219,1.000000243
106.7367187,1.000000243
106.7660156,1.000000242
106.7953125,1.000000242
106.8246094,1.000000242
106.8539062,1.000000242
106.8832031,1.000000242
106.9125,1.000000241
106.9417969,1.000000241
106.9710937,1.000000241
107.0003906,1.000000241
107.0296875,1.000000241
107.0589844,1.000000241
107.0882812,1.000000241
107.1175781,1.000000241
107.146875,1.000000241
107.1761719,1.000000241
107.2054687,1.000000241
107.2347656,1.000000241
107.2640625,1.000000241
107.2933594,1.000000241
107.3226562,1.000000241
107.3519531,1.000000241
107.38125,1.000000241
107.4105469,1.000000241
107.4398437,1.000000242
107.4691406,1.000000242
107.4984375,1.000000242
107.5277344,1.000000242
107.5570312,1.000000242
107.5863281,1.000000243
107.615625,1.000000243
107.6449219,1.000000243
107.6742187,1.000000243
107.7035156,1.000000244
107.7328125,1.000000244
107.7621094,1.000000244
107.7914062,1.000000245
107.8207031,1.000000245
107.85,1.000000245
107.8792969,1.000000246
107.9085937,1.000000246
107.9378906,1.000000247
107.9671875,1.000000247
107.9964844,1.000000247
108.0257812,1.000000248
108.0550781,1.000000248
108.084375,1.000000249
108.1136719,1.000000249
108.1429687,1.00000025
108.1722656,1.00000025
108.2015625,1.000000251
108.2308594,1.000000251
108.2601562,1.000000252
108.2894531,1.000000253
108.31875,1.000000253
108.3480469,1.000000254
108.3773437,1.000000254
108.4066406,1.000000255
108.4359375,1.000000255
108.4652344,1.000000256
108.4945312,1.000000257
108.5238281,1.000000257
108.553125,1.000000258
108.5824219,1.000000259
108.6117187,1.000000259
108.6410156,1.00000026
108.6703125,1.000000261
108.6996094,1.000000261
108.7289062,1.000000262
108.7582031,1.000000263
108.7875,1.000000264
108.8167969,1.000000264
108.8460937,1.000000265
108.8753906,1.000000266
108.9046875,1.000000267
108.9339844,1.000000267
108.9632812,1.000000268
108.9925781,1.000000269
109.021875,1.00000027
109.0511719,1.00000027
109.0804687,1.000000271
109.1097656,1.000000272
109.1390625,1.000000273
109.1683594,1.000000273
109.1976562,1.000000274
109.2269531,1.000000275
109.25625,1.000000276
109.2855469,1.000000277
109.3148437,1.000000277
109.3441406,1.000000278
109.3734375,1.000000279
109.4027344,1.00000028
109.4320312,1.000000281
109.4613281,1.000000282
109.490625,1.000000282
109.5199219,1.000000283
109.5492187,1.000000284
109.5785156,1.000000285
109.6078125,1.000000286
109.6371094,1.000000286
109.6664062,1.000000287
109.6957031,1.000000288
109.725,1.000000289
109.7542969,1.00000029
109.7835937,1.000000291
109.8128906,1.000000291
109.8421875,1.000000292
109.8714844,1.000000293
109.9007812,1.000000294
109.9300781,1.000000295
109.959375,1.000000296
109.9886719,1.000000296
110.0179687,1.000000297
110.0472656,1.000000298
110.0765625,1.000000299
110.1058594,1.0000003
110.1351562,1.0000003
110.1644531,1.000000301
110.19375,1.000000302
110.2230469,1.000000303
110.2523437,1.000000304
110.2816406,1.000000304
110.3109375,1.000000305
110.3402344,1.000000306
110.3695312,1.000000307
110.3988281,1.000000308
110.428125,1.000000308
110.4574219,1.000000309
110.4867187,1.00000031
110.5160156,1.000000311
110.5453125,1.000000311
110.5746094,1.000000312
110.6039062,1.000000313
110.6332031,1.000000314
110.6625,1.000000314
110.6917969,1.000000315
110.7210937,1.000000316
110.7503906,1.000000316
110.7796875,1.000000317
110.8089844,1.000000318
110.8382812,1.000000319
110.8675781,1.000000319
110.896875,1.00000032
110.9261719,1.000000321
110.9554687,1.000000321
110.9847656,1.000000322
111.0140625,1.000000323
111.0433594,1.000000323
111.0726562,1.000000324
111.1019531,1.000000324
111.13125,1.000000325
111.1605469,1.000000326
111.1898437,1.000000326
111.2191406,1.000000327
111.2484375,1.000000328
111.2777344,1.000000328
111.3070312,1.000000329
111.3363281,1.000000329
111.365625,1.00000033
111.3949219,1.00000033
111.4242187,1.000000331
111.4535156,1.000000331
111.4828125,1.000000332
111.5121094,1.000000333
111.5414062,1.000000333
111.5707031,1.000000334
111.6,1.000000334
111.6292969,1.000000335
111.6585937,1.000000335
111.6878906,1.000000335
111.7171875,1.000000336
111.7464844,1.000000336
111.7757812,1.000000337
111.8050781,1.000000337
111.834375,1.000000338
111.8636719,1.000000338
111.8929687,1.000000339
111.9222656,1.000000339
111.9515625,1.000000339
111.9808594,1.00000034
112.0101562,1.00000034
112.0394531,1.000000341
112.06875,1.000000341
112.0980469,1.000000341
112.1273437,1.000000342
112.1566406,1.000000342
112.1859375,1.000000342
112.2152344,1.000000343
112.2445312,1.000000343
112.2738281,1.000000343
112.303125,1.000000344
112.3324219,1.000000344
112.3617187,1.000000344
112.3910156,1.000000344
112.4203125,1.000000345
112.4496094,1.000000345
112.4789062,1.000000345
112.5082031,1.000000345
112.5375,1.000000346
112.5667969,1.000000346
112.5960937,1.000000346
112.6253906,1.000000346
112.6546875,1.000000347
112.6839844,1.000000347
112.7132812,1.000000347
112.7425781,1.000000347
112.771875,1.000000347
112.8011719,1.000000347
112.8304687,1.000000348
112.8597656,1.000000348
112.8890625,1.000000348
112.9183594,1.000000348
112.9476562,1.000000348
112.9769531,1.000000348
113.00625,1.000000348
113.0355469,1.000000349
113.0648437,1.000000349
113.0941406,1.000000349
113.1234375,1.000000349
113.1527344,1.000000349
113.1820312,1.000000349
113.2113281,1.000000349
113.240625,1.000000349
113.2699219,1.000000349
113.2992187,1.000000349
113.3285156,1.000000349
113.3578125,1.000000349
113.3871094,1.000000349
113.4164062,1.000000349
113.4457031,1.000000349
113.475,1.000000349
113.5042969,1.000000349
113.5335937,1.000000349
113.5628906,1.000000349
113.5921875,1.000000349
113.6214844,1.000000349
113.6507812,1.000000349
113.6800781,1.000000349
113.709375,1.000000349
113.7386719,1.000000349
113.7679687,1.000000349
113.7972656,1.000000349
113.8265625,1.000000349
113.8558594,1.000000349
113.8851562,1.000000349
113.9144531,1.000000349
113.94375,1.000000349
113.9730469,1.000000349
114.0023437,1.000000349
114.0316406,1.000000349
114.0609375,1.000000349
114.0902344,1.000000349
114.1195312,1.000000349
114.1488281,1.000000349
114.178125,1.000000349
114.2074219,1.000000348
114.2367187,1.000000348
114.2660156,1.000000348
114.2953125,1.000000348
114.3246094,1.000000348
114.3539062,1.000000348
114.3832031,1.000000348
114.4125,1.000000348
114.4417969,1.000000348
114.4710937,1.000000348
114.5003906,1.000000347
114.5296875,1.000000347
114.5589844,1.000000347
114.5882812,1.000000347
114.6175781,1.000000347
114.646875,1.000000347
114.6761719,1.000000347
114.7054687,1.000000347
114.7347656,1.000000347
114.7640625,1.000000346
114.7933594,1.000000346
114.8226562,1.000000346
114.8519531,1.000000346
114.88125,1.000000346
114.9105469,1.000000346
114.9398437,1.000000346
114.9691406,1.000000346
114.9984375,1.000000345
115.0277344,1.000000345
115.0570312,1.000000345
115.0863281,1.000000345
115.115625,1.000000345
115.1449219,1.000000345
115.1742187,1.000000345
115.2035156,1.000000345
115.2328125,1.000000344
115.2621094,1.000000344
115.2914062,1.000000344
115.3207031,1.000000344
115.35,1.000000344
115.3792969,1.000000344
115.4085937,1.000000344
115.4378906,1.000000344
115.4671875,1.000000344
115.4964844,1.000000343
115.5257812,1.000000343
115.5550781,1.000000343
115.584375,1.000000343
115.6136719,1.000000343
115.6429687,1.000000343
115.6722656,1.000000343
115.7015625,1.000000343
115.7308594,1.000000343
115.7601562,1.000000342
115.7894531,1.000000342
115.81875,1.000000342
115.8480469,1.000000342
115.8773437,1.000000342
115.9066406,1.000000342
115.9359375,1.000000342
115.9652344,1.000000342
115.9945312,1.000000342
116.0238281,1.000000342
116.053125,1.000000342
116.0824219,1.000000341
116.1117187,1.000000341
116.1410156,1.000000341
116.1703125,1.000000341
116.1996094,1.000000341
116.2289062,1.000000341
116.2582031,1.000000341
116.2875,1.000000341
116.3167969,1.000000341
116.3460937,1.000000341
116.3753906,1.000000341
116.4046875,1.000000341
116.4339844,1.000000341
116.4632812,1.000000341
116.4925781,1.000000341
116.521875,1.000000341
116.5511719,1.000000341
116.5804687,1.000000341
116.6097656,1.00000034
116.6390625,1.00000034
116.6683594,1.00000034
116.6976562,1.00000034
116.7269531,1.00000034
116.75625,1.00000034
116.7855469,1.00000034
116.8148437,1.00000034
116.8441406,1.00000034
116.8734375,1.00000034
116.9027344,1.00000034
116.9320312,1.00000034
116.9613281,1.00000034
116.990625,1.00000034
117.0199219,1.00000034
117.0492187,1.00000034
117.0785156,1.00000034
117.1078125,1.000000341
117.1371094,1.000000341
117.1664062,1.000000341
117.1957031,1.000000341
117.225,1.000000341
117.2542969,1.000000341
117.2835937,1.000000341
117.3128906,1.000000341
117.3421875,1.000000341
117.3714844,1.000000341
117.4007812,1.000000341
117.4300781,1.000000341
117.459375,1.000000341
117.4886719,1.000000341
117.5179687,1.000000341
117.5472656,1.000000341
117.5765625,1.000000341
117.6058594,1.000000341
117.6351562,1.000000342
117.6644531,1.000000342
117.69375,1.000000342
117.7230469,1.000000342
117.7523437,1.000000342
117.7816406,1.000000342
117.8109375,1.000000342
117.8402344,1.000000342
117.8695312,1.000000342
117.8988281,1.000000342
117.928125,1.000000343
117.9574219,1.000000343
117.9867187,1.000000343
118.0160156,1.000000343
118.0453125,1.000000343
118.0746094,1.000000343
118.1039062,1.000000343
118.1332031,1.000000343
118.1625,1.000000344
118.1917969,1.000000344
118.2210937,1.000000344
118.2503906,1.000000344
118.2796875,1.000000344
118.3089844,1.000000344
118.3382812,1.000000344
118.3675781,1.000000345
118.396875,1.000000345
118.4261719,1.000000345
118.4554687,1.000000345
118.4847656,1.000000345
118.5140625,1.000000345
118.5433594,1.000000346
118.5726562,1.000000346
118.6019531,1.000000346
118.63125,1.000000346
118.6605469,1.000000346
118.6898437,1.000000346
118.7191406,1.000000347
118.7484375,1.000000347
118.7777344,1.000000347
118.8070312,1.000000347
118.8363281,1.000000347
118.865625,1.000000348
118.8949219,1.000000348
118.9242187,1.000000348
118.9535156,1.000000348
118.9828125,1.000000348
119.0121094,1.000000349
119.0414062,1.000000349
119.0707031,1.000000349
119.1,1.000000349
119.1292969,1.000000349
119.1585937,1.00000035
119.1878906,1.00000035
119.2171875,1.00000035
119.2464844,1.00000035
119.2757812,1.00000035
119.3050781,1.000000351
119.334375,1.000000351
119.3636719,1.000000351
119.3929687,1.000000351
119.4222656,1.000000351
119.4515625,1.000000352
119.4808594,1.000000352
119.5101562,1.000000352
119.5394531,1.000000352
119.56875,1.000000353
119.5980469,1.000000353
119.6273437,1.000000353
119.6566406,1.000000353
119.6859375,1.000000353
119.7152344,1.000000354
119.7445312,1.000000354
119.7738281,1.000000354
119.803125,1.000000354
119.8324219,1.000000355
119.8617187,1.000000355
119.8910156,1.000000355
119.9203125,1.000000355
119.9496094,1.000000356
119.9789062,1.000000356
120,1.000000356
